Entry ID,word,definition,plural form,recordings,categories,breakdowns,stress,plural stress,variants,see alsos,public notes,private notes,tags
1,bilaa,abalone,,,noun,,2,,,,,,
2,da'ak_hlxw; da'ak_xw,be able to; attain; get to,,,transitive verb,,2,,,,,,CPO
3,sdil,accompany; go with,,,transitive verb,,1,,,,,,
4,ban,ache,binban,,intransitive verb,,1,2,,,,,
5,jag_a; jog_o,across,,,preverb,,1,,,,,,
6,sg_a,across the way,,,preverb,,,,,,,,
7,balim,act like one is X,,,preverb,,1,,,,,,
8,g_al k_'an,Adam's apple,,,noun,,2,,,,,,
9,yuuhlimxw; yuuhlimx_,advise,,,transitive verb,,1,,,,,yuuhlimx_? / noun?,
10,dax_winst,adze,,,noun,,2,,,,,,
11,x_pts'axw,be afraid; be scared,lax_bits'iixw,,intransitive verb,,1,3,,,,,
12,g_alan,after; behind; in back of; in path of,,,noun,,2,,,,,,
13,tk_'al,against,,,preverb,,,,,,,,
14,hlibalt,against; opposing,,,preverb,,2,,,,,,
15,ha,air,,,noun,,1,,,,,,
16,gipaygunsxw,airplane,,,noun,,2,,,,,,
17,luux; am luux,alder tree,,,noun,,1; 2,,,,,,
18,didils,be alive,dildils,,intransitive verb,,2,2,,,,,
19,gwalk_'a; walk_'a,all,,,modifier,,1,,,,,,
20,xwhlii,all over,,,preverb,,,,,,,,
21,g_aniwila; g_anwila,all the time; continually; still; always,,,adverb,,1,,,,"contains the complementizer wila ""how, in what manner""",,dep marker
22,mooji,almost,,,subordinator,,1,,,,,,dep marker
23,upji,in case; just about,,,subordinator,,1,,,,,"only ""in case""?",dep marker
24,wisin,along the inside,,,preverb,,1,,,,,,
25,hahl,along the side,,,preverb,,,,,,,,
26,tx_as,along the surface of a long object,,,preverb,,,,,,,,
27,yag_ayt,already; however; rather,,,modifier,,1,,,,,,
28,sg_apdiihl,among,,,,,1,,,,,,
29,sbag_ayt; sbaayt,among; between,,,modifier,,1,,,,,,
30,g_an a'lax_,anger,,,noun,,2,,,,,,
31,a'lax_,be angry; be mad,,,intransitive verb,,1,,,,,,
32,jagwasxw,animal,,,noun,,1,,,,,,
32,yajasxw,animal,,,noun,,1,,,,,,
33,ky'aky'otl'; giky'otl',ankle,,,noun,,2,,,,,,
,hooni,ankle; calf,,,noun,,1,,,,,,
34,dilimx_xw,answer; reply,,,intransitive verb; noun,,1,,,,,transitive: dilimx_xwT,
35,sg_ansg_ojinx_t,ant,,,noun,,2,,,,,,
36,on; an'on,arm; hand,,,noun,,1; 2,,,,,,
37,t'im k_'aax,the whole arm; fathom,,,noun,,2,,,,,,
38,ts'im ts'anks,armpit,,,noun,,2,,,,,,
39,tk'u,around; in a circle,,,preverb,,,,,,,,
40,kw'ihl,around; about,,,preverb,,,,,,,,
41,k'ilk_'al,around the outside,,,preverb,,?,,,,,,
42,k'utk'u; gutk'u,around; turn; spin; in circles,,,preverb,,1,,,,,,
43,.'witxw,arrive; come,bakw; lakw,,intransitive verb,,1,1,,,,,
44,mats,arrive; run in number (of salmon),,,intransitive verb,,1,,,,,,
45,hawil,arrow,,,noun,,2,,,,,,
46,aat,ashes,,,noun,,1,,,,,,
47,gum,ashes; fly-ash,,,noun,,1,,,,,,
48,asi,aside; out of the way; accidentally,,,preverb,,1,,,,,,
49,ky'aahl,aside; to one side,,,preverb,,,,,,,,
50,gidax_,ask,gigidax_,,transitive verb,,1,2,,,,,
51,gwi'na,ask for; beg,gwii'na,,transitive verb,,2,2,,,,verb - check transitivity,
52,luu bag_ayt,astray; all over; to no purpose,,,preverb,,"1,2",,,,,,
53,x_hlip,at the end; on the end,,,preverb,,,,,,,,
54,alda; ahlda,at night,,,preverb,,1,,,,,,
55,saa,away; off,,,preverb,,,,,,,,
56,hahligyootxw; hagyootxw,axe,,,noun,,3; 2,,,,,,
57,haky'o'o,back,,,noun,,2,,,,,,
58,guxws,backward; to oneself,,,preverb,,,,,,,,
59,ts'iihl,backwards,,,preverb,,,,,,,,
60,hat'ak_xw,be bad,hadit'ak_xw,,intransitive verb,,2,3,,,,,
61,dihlxw,bag,,,noun,,1,,,,,,
62,.'nax_,bait,,,noun,,1,,,,,,
63,uut,bake (in ashes or oven),,,transitive verb,,1,,,,,verb - check transitivity,
64,.'naa g_akw,to be bald,,,intransitive verb,,2,,,,,,
64,.'naa hleek_,to be bald,,,intransitive verb,,2,,,,,,
65,hlit',ball,,,noun,,1,,,,,,
66,hoo'oxs; am hoo'oxs,balsam tree,,,noun,,1; 2,,,,,,
67,maas,bark,,,noun,,1,,,,,,
68,wox_,to bark,g_awox_; wox_wox_,,intransitive verb,,1,2,,,,,
69,wilp habasxw,barn,,,noun,,"1,2",,,,,,
70,moohl,barrel; crock; a sort of fish-trap,,,noun,,1,,,,,,
71,.'noo'o,large birch-bark berry basket,,,noun,,1,,,,,,
72,hlgwa'alt,basket (for carrying water),,,noun,,1,,,,,,
73,yuusilt,basket (hung from neck),,,noun,,1,,,,,,
74,hayats,bat (for playing ball),,,noun,,2,,,,,,
75,gyuu,beads,,,noun,,1,,,,,,
76,maa'y,berries; fruit,,,noun,,1,,,,,,
77,maa'yim spaayt g_an,any wild berry,,,noun,,"1,3",,,,,,
78,sim smax,black bear,,,noun,,2,,,,,,
79,ts'imilix,beaver,,,noun,,2,,,,,,
80,jayaas,young beaver,,,noun,,2,,,,,,
81,biya,beer,,,noun,,1,,,,,,
82,hlag_ok_; hlag_ook_,before; in front of,,,adverb,,2,,,,,check category,
83,hii,beginning; initially,,,preverb,,,,,,,,
84,gina,behind,,,preverb,,1,,,,,,
85,k_'alaa'n,behind; in back of,,,,,2,,,,,,
86,x_ts'eekst,belch,,,intransitive verb,,1,,,,,,
87,sim hetxws,believe (someone),,,transitive verb,,2,,,,,,
88,ban,belly,,,noun,,1,,,,,,
89,ts'ok_',salmon belly,,,noun,,1,,,,,,
90,bilan,belt,,,noun,,2,,,,,,
91,hlak,bend,hliihlik,,transitive verb,,1,1,,,,,
92,hlisdo'oxs,beside,,,noun,,2,,,,,,
93,lo'oba on,bicep,,,noun,,"1,3",,,,,,
94,.'wii,big; large; great; very,wit'ax_; wiit'ax_,,modifier,,,1,,,,,
95,t'is,be big; be large,dist'is,,intransitive verb,,1,2,,,,,
96,.'wii hila'y,be large; be broad,.'wit'ax_ hila'y,,intransitive verb,,3,4,,,,,
97,t'ixw,be big (of a person); be stout,dit'ixw; dixwt'ixw,,intransitive verb,,1,2,,,,,
98,ha'widin gya'lasxw,binoculars,,,noun,,"1,4",,,,,,
,ha'widin gya'lasxw,look ahead; look over,,,intransitive verb,,"1,4",,,,,,
99,haawak_,birch tree,,,noun,,2,,,,,,
100,ts'uuts',bird,,,noun,,1,,,,,,
101,hats'(t),bite,hashats'(t),,transitive verb,,1,2,,,,,
102,g_asx_,be bitter,,,intransitive verb,,1,,,,,,
,g_asx_,wild rice,,,noun,,1,,,,,,
103,t'uuts'xw,be black,dist'uuts'xw,,intransitive verb,,1,2,,,,,
,t'uuts'xw,metal; knife,,,noun,,1,,,,,check if plural also works for noun version,
104,t'uuts'xwa,blackcurrant,,,noun,,1,,,,,,
105,ax_g_abitxwt,blackfly; no-see-um,,,noun,,3,,,,,,
106,anda'is,bladder,,,noun,,3,,,,,,
107,gwila,blanket,gwiila,,noun,,2,2,,,,,
108,sins,be blind,,,intransitive verb,,1,,,,,,
109,ihlee'e,blood,,,noun,,2,,,,,check if plural also works for noun version,
,ihlee'e,to bleed,,,intransitive verb,,2,,,,,,
110,g_aw'ihlee'e,blood vessel,,,noun,,3,,,,,,
111,swan,blow,,,intransitive verb,,1,,,,,,
112,bilutxw,be blue,,,intransitive verb,,2,,,,,,
113,gwisgwoosxw,be blue,,,intransitive verb,,2,,,,,,
114,.'miyahl,blueberries,,,noun,,2,,,,,,
115,k_'alidakhl,bluejay,,,noun,,3,,,,,,
116,mak_xw,"get into (a canoe, etc); board (a canoe, etc)",maamax_xw,,intransitive verb,,1,2,,,,,
117,t'aa g_an,board; lumber; plank,,,noun,,2,,,,,,
118,g_as'uu,boil; sore,,,noun,,2,,,,,,
119,hlut'ax_,boil (liquid),,,intransitive verb,,1,,,,,need to check transitivity,
120,sip,bone,sipsip,,noun,,1,2,,,,,
121,laal,bone-game; stick-game,,,noun,,1,,,,,,
122,gyat,be born; hatch,gigyat,,intransitive verb,,1,2,,,,,
123,gwaasxwt,borrow,,,transitive verb,,1,,,,,,
124,s'in,bottom,,,noun,,1,,,,,,
125,dag_osasxw,bounce; bound,dag_asg_osasxw,,transitive verb,,2,2,,,,"""bound"" for a transitive verb? check verb uses",
126,haxwdakw,bow,,,noun,,2,,,,,,
127,wo'os,bowl; dish,g_awo'os,,noun,,1,2,,,,,
128,x_biist,box,g_ax_biist,,noun,,1,2,,,,,
129,ink_,box (for storing food),,,noun,,1,,,,,,
130,ginees,small boy,,,noun,,2,,,,,,
131,hak'eeg_antxw,brace and bit,,,noun,,2,,,,,,
132,ts'ixs na'ax_s,bracelet,,,noun,,2,,,,,,
133,win g_es,brain,,,noun,,2,,,,,,
134,anist,branch; limb,,,noun,,2,,,,,specifically tree limbs or also person limbs?,
135,anaax,bread,,,noun,,2,,,,,,
136,ihlag_an,break,,,transitive verb,,2,,,,,,
137,.'moot'ixs,breast,,,noun,,1,,,,,,
138,xsi naahlx_,breathe,,,intransitive verb,,2,,,,,,
139,g_aneex_s,bridge,,,noun,,2,,,,,,
140,g_oyp'ax_,be bright (of light),,,intransitive verb,,1,,,,,,
141,.'wii ooks,be broad; be wide,,,intransitive verb,,2,,,,,,
142,ihlak_(t),be broken (long object); be snapped,ihlaahlax_t; ihlaahlax_(t),,intransitive verb,,2,2,,,,,T-verb?
143,kw'as(t),be broken; be shattered,,,intransitive verb,,1,,,,,"check status of that final -t thing, does ihlak_ also have one? should it be part of entry?",T-verb?
144,hat'uusxw,broom,,,noun,,2,,,,,,
145,lax_s,brush; pine needles,,,noun,,1,,,,,,
146,ha'aks,bucket,,,noun,,2,,,,,,
146,g_aldim aks,bucket,,,noun,,"1,3",,,,,,
147,mask_'ayaa'y,bullhead,,,noun,,3,,,,,,
148,ap,bee; bumblebee; honeybee; yellowjacket,,,noun,,1,,,,,,
149,simihl,burn; kindle,,,transitive verb,,2,,,,,,
150,mihl,burn,mihlmihl,,intransitive verb,,1,2,,,,,
151,jibilixs,burn up,,,intransitive verb,,1,,,,,,
152,x_hluxw,burst; explode; blow up; erupt,g_ax_hluxw,,intransitive verb,,1,2,,,,,
153,t'im bok_',buttocks,,,noun,,2,,,,,,
154,.'mala'an; 'mala,button,g_an 'mala'an; g_an 'mala,,noun,,1,2,,,,,
155,gwiis g_an 'mala'a; gwiis g_an 'mala,button blanket,,,noun,,"1,3",,,,,,
156,mask'awoodax_,butterfly,,,noun,,3,,,,,check pronunciations: mask(y?_?)'awoo(d?t'?)ax_,
157,g_anx_ya'a,butterfly species (orange colour),,,noun,,2,,,,,,
158,hisbiliks,butterfly species,,,noun,,2,,,,,,
159,giikw,buy,,,transitive verb,,1,,,,,,
160,sa'wnsxum hlox_s,calendar,,,noun,,"1,3",,,,,,
161,itxw; etxw,"call out (a name, etc)",,,intransitive verb,,1,,,,,,
162,haguxwsg_alt'amdinsxw,camera,,,noun,,4,,,,,,
163,anjok_,camp,,,noun,,2,,,,,,
164,jok_,camp; live; dwell,jax_jok_,,intransitive verb,,1,2,,,,,
165,gwisgwoos,Canada jay; camprobber,,,noun,,2,,,,,,
166,laaxwsim hix,candle,,,noun,,"1,3",,,,,,
167,k_'aat',cane,,,noun,,1,,,,,,
168,.'mal,canoe,hu'mal,,noun,,1,2,,,,,
169,ts'ilaasxw,canyon,,,noun,,2,,,,,,
170,wijix,caribou,,,noun,,2,,,,,,
171,wilk_(t),carry; transport,,,verb,,1,,,,,verb - check transitivity,T-verb?
172,duus,cat,,,noun,,1,,,,,,
173,.'mukw,catch (fish),,,transitive verb,,1,,,,,,
174,noosik_,caterpillar,,,noun,,1,,,,,,
175,sanakwa,a caterpillar species,,,noun,,3,,,,,,
176,ts'iipxw,be caught (in snare); be tied up,,,intransitive verb,,1,,,,,,
177,gun,cause to; make; tell to,,,preverb,,1,,,,,,
178,hat'a'l,cedar bark,,,noun,,2,,,,,,
179,ma'ulkw,cedar rope,,,noun,,2,,,,,,
180,am hat'a'l,cedar tree,,,noun,,3,,,,,,
181,anyuust,cellar; storage pit,,,noun,,2,,,,,,
182,ha'niit'aa,chair,,,noun,,3,,,,,,
183,t'uuts',coal; charcoal,,,noun,,1,,,,,,
184,k_'eeg_an,chase,huudin,,transitive verb,,1,1,,,,,
185,do'o,cheek; cheeks; gills,,dido'o,noun,,1,,,,,,
186,k_'uhlx_,chest,,,noun,,1,,,,,,
187,g_e'n,chew,,,transitive verb,,1,,,,,,
188,sk'iik; sk'ik',chickadee,,,noun,,1,,,,,,
189,tsigins,chicken,,,noun,,1,,,,,,
190,mis'moot'ixs,chickenhawk,,,noun,,2,,,,,,
191,sim'oogit,chief,simgigyat,,noun,,2,3,,,,,
192,sigidimnak_',chieftainess,sigidimhaanak_',,noun,,4,4,,,,,
193,hlgu tk'ihlxw; hlgu t'ihlxw,child,k'uba tk'ihlxw; k'uba t'ihlxw,,noun,,2,3,,,,,
194,g_an mi'in,chimney,,,noun,,3,,,,,,
195,k_'ets',chin,,,noun,,1,,,,,,
196,jayn,Chinese; Chinese person,,,noun,,1,,,,,,
197,hawoonax_hlxw,chisel,,,noun,,2,,,,,,
198,t'ok_(t),choke,,,transitive verb,,1,,,,,choke on? choke someone?,T-verb?
199,.'mii ts'ok_',chokecherry,,,noun,,2,,,,,,
200,daax,circumference; outer surface; perimeter,,,noun,,1,,,,,,
201,ts'ak_',clam,,,noun,,1,,,,,,
202,psa,grey clay,,,noun,,1,,,,,,
203,saksxw,be clean,sixsaksxw,,intransitive verb,,1,2,,,,,
204,k_'alt,clear (land),,,transitive verb,,1,,,,,check transitivity,
205,ts'i'naast,clearing; open space among trees,,,noun,,2,,,,,,
206,hlaky'ax_sxw,climb,,,verb,,2,,,,,check transitivity,
207,.'min pdaltxw,climb,,,transitive verb,,2,,,,,check transitivity,
208,hi'la,close; nearby,,,preverb,,1,,,,,,
209,sg_a t'is,close,,,transitive verb,,2,,,,,,
210,ts'iip,close one's eyes,,,verb,,1,,,,,check transitivity,
211,hahlo'o,cloth; sail,,,noun,,2,,,,,,
212,haxhooyasxw,clothes,,,noun,,2,,,,,,
213,ha'niilisa,clothesline,,,noun,,3,,,,,,
214,yeen,cloud,,,noun,,1,,,,,,
215,g_am t'uuts',coal,,,noun,,2,,,,,,
216,gwidats',coat,,,noun,,2,,,,,,
217,g_aldim x_coffee; g_aldim x_kopii,coffeepot,,,noun,,"1,3",,,,,,
218,eek_,coho salmon,,,noun,,1,,,,,,
219,gimilak,small coho salmon,,,noun,,3,,,,,,
220,x_atxw,be cold (of a person),,,intransitive verb,,1,,,,,,
221,gwineek_xw,be cold,,,intransitive verb,,2,,,,,,
222,wit,collarbone; rack for drying salmon,,,noun,,1,,,,,,
223,hapts'a'y,comb,,,noun,,2,,,,,,
224,aat'ixs,come; approach,at-aat'ixs,,intransitive verb,,1,2,,,,,
225,g_ala,come here!,g_alsi'm,,command,,1,1,,,,,
226,.'naa,complete an action,,,preverb,,,,,,,same as other 'naa or separate?,
227,meek_,pine cone,,,noun,,1,,,,,,
228,guxws itxws,confess; call oneself out,,,intransitive verb,,2,,,,,,
229,ankwsin,cook,,,transitive verb,,1,,,,,,
230,jam,cook; boil,jimjam,,transitive verb,,1,2,,,,,
231,ankws,be cooked,,,intransitive verb,,1,,,,,,
232,sigwineek_xw,cool,,,transitive verb,,3,,,,,check transitivity,
233,uuk_,copper,,,noun,,1,,,,,,
234,hayatsxw,copper shield,,,noun,,2,,,,,,
235,luulak_',corpse; ghost,,,noun,,1,,,,,,
236,hogyax_; hugwax_,be correct; be right; be appropriate,,,intransitive verb,,1,,,,,,
,hogyax_; hugwax_,resemble; be like; be similar,,,transitive verb,,1,,,,,,
237,am 'mal,cottonwood tree,,,noun,,2,,,,,,
238,x_lilst,cough,,,intransitive verb,,1,,,,,,
239,litsx_xw,count; read,,,intransitive verb,,1,,,,,check transitivity,
240,litsx_,count; read,,,transitive verb,,1,,,,,,
241,habax_,cover; lid,,,noun,,1,,,,,,
242,hapt,cover; put a lid on,,,transitive verb,,1,,,,,,
243,usim sbaayt g_an,coyote,,,noun,,"1,4",,,,,,
244,k_'al moos,crab,,,noun,,2,,,,,,
245,milikst,crabapple,,,noun,,1,,,,,,
246,t'imi'yt,lowbush cranberry,,,noun,,2,,,,,,
247,ts'idipxst,high-bush cranberry,,,noun,,2,,,,,,
247,sbikst,high-bush cranberry,,,noun,,1,,,,,,
248,g_adalk_,crane,,,noun,,2,,,,,,
249,seeg_atxw,crawl on one's belly,,,intransitive verb,,1,,,,,,
250,.'malu,be crazy,.'mag_alu,,intransitive verb,,2,3,,,,,
251,ayukws,crest,,,noun,,2,,,,,,
252,hlak,be crooked,hliihlak,,intransitive verb,,1,1,,,,,
253,g_awk_'aw,crow,,,noun,,2,,,,,,
254,maa'ya g_aak_,crowberry,,,noun,,"1,3",,,,,,
255,ap hetxw,cry; wail,,,intransitive verb,,2,,,,,,
256,dimootxw,cure; heal; save,,,transitive verb,,2,,,,,,
257,mootxw,be cured; be healed; be saved,,,intransitive verb,,1,,,,,,
258,sg_a 'yag_a,curtain,,,noun,,2,,,,,,
259,k_'ots,cut,g_ask_'ots,,transitive verb,,1,2,,,,,
260,sa'oohlxw,cut firewood,,,intransitive verb,,2,,,,,,
261,andilg_an,dam,,,noun,,3,,,,,,
262,miiluxw,dance,,,intransitive verb,,1,,,,,,
263,halayt,dance (of a shaman),,,intransitive verb,,2,,,,,,
264,sk_'eex_xw,be dark (of evening and night),,,intransitive verb,,1,,,,,,
265,sa,day,,,noun,,1,,,,,,
266,g_ado'ohl ky'oots,day before yesterday,,,adverb,,"2,4",,,,,,
267,.'misaax; .'mis haax,daylight,,,noun,,2,,,,,,
268,dok_',be deaf,dax_dok_',,intransitive verb,,1,2,,,,,
269,hlap,be deep,hliphlap,,intransitive verb,,1,2,,,,,
270,wan,deer,,,noun,,1,,,,,,
271,umk_xw,detest; dislike,,,transitive verb,,1,,,,,,
272,hu'ums; .'wums,devil's club,,,noun,,2; 1,,,,,,
273,xsi 'yans,dew,,,noun,,2,,,,,,
274,.'mii winst,dewberry,,,noun,,2,,,,,,
275,.'nu'w,die,daxw,,intransitive verb,,1,1,,,,,
276,lixs gyat,be different; be strange,,,intransitive verb,,2,,,,,,
277,g_etxw; g_ag_etxw,be difficult; be expensive,,,intransitive verb,,1; 2,,,,,,
278,wok_'esxw,dig (a hole),,,intransitive verb,,1,,,,,,
279,wok_',dig,,,transitive verb,,1,,,,,,
280,limx'oo'y,dirge; mourning song,,,noun,,2,,,,,,
281,ts'eet'ixs,dirt; earth,,,noun,,1,,,,,check if plural also works for noun version,
,ts'eet'ixs,be dirty,jits'eet'ixs,,intransitive verb,,1,2,,,,check if plural also works for noun version,
282,x_sink_,disbelieve,,,transitive verb,,1,,,,,,
283,ts'ak',dish,jits'ak'; jixts'ak',,noun,,,2,,,,,
284,g_asg_ootxw,dislike,,,transitive verb,,2,,,,,,
285,t'aks,dive,tk'isaks,,intransitive verb,,,2,,,,,
286,bitxw,divorce,,,intransitive verb,,,,,,,,
287,us,dog,,,noun,,,,,,,,
288,g_aniis,dog salmon,,,noun,,2,,,,,,
289,saabaya'a,Dolly Varden trout,,,noun,,3,,,,,,
290,ha'w,don't,,,subordinator,,,,,,negative imperative,check example sentences for both versions of ha'w,dep marker
291,aats'ip,door,,,noun,,1,,,,,,
292,mix k_'aax,down (feathers),,,noun,,2,,,,,,
293,.'yag_a,down along a slope,,,preverb,,1,,,,,,
294,t'ip,down through the air; at a sharp angle,,,preverb,,,,,,,,
295,gisa,downriver,,,preverb,,1,,,,,,
296,geets,downstream,,,noun,,,,,,,,
297,k_'aax_(t),drag,,,transitive verb,,,,,,,,T-verb?
298,xsi wok_,dream,,,intransitive verb,,2,,,,,"also noun, and transitive T-verb",
299,ayukwsxw,dress (oneself),,,intransitive verb,,2,,,,,,
300,nuutxw,dress up,,,intransitive verb,,,,,,,,
301,haxhooyasxw,be dressed (up),,,intransitive verb,,2,,,,,,
302,g_anuutxw,get dressed,,,intransitive verb,,2,,,,,,
303,hayala,drill; auger,,,noun,,2,,,,,,
304,la'aks,drink,,,transitive verb,,2,,,,,check transitivity,
305,t'ugwandin,drop,,,transitive verb,,2,,,,,,
306,anuuhl,drum,,,noun,,2,,,,,,
307,sil,be drunk; be intoxicated,silsil,,intransitive verb,,,2,,,,,
308,gwalkw,be dry,gwilgwalkw,,intransitive verb,,,2,,,,,
309,nax_naax_t,mallard duck,,,noun,,2,,,,,,
310,mukw,sawbill duck,,,noun,,,,,,,,
311,x_deek_,be dull,,,intransitive verb,,,,,,,,
312,.'mitxw,be dusty; be scattered,,,intransitive verb,,,,,,,,
313,na,each other,,,preverb,,,,,,triggers big-T on compatible transitive verbs,more of a prefix than a preverb but let's try,
314,x_sgyaak,eagle,,,noun,,,,,,,,
315,lax_ x_sgiik,Eagle phratry,,,noun,,2,,,,,,
316,sgimsim,eagle species,,,noun,,1,,,,,THUNDERBIRD?,
317,muxw,ear,humuxw; g_amuxw; g_ahumuxw,,noun,,,2; 2; 3,,,,,
318,hlook_,be early; wake up early,hlax_hlook_,,intransitive verb,,,2,,,,,
319,max_muxw,earring,,,noun,,2,,,,,,
320,laldim wis,earthworm,,,noun,,3,,,,,,
321,yook_xw,eat,tx_ook_xw,,intransitive verb,,,1,,,,,
322,gup,eat,gipgup,,transitive verb,,,2,,,,,
323,t'eek_,eat ravenously,lit'eek_,,intransitive verb,,,2,,,,,
324,jahl,eat all up,jisjahl,,transitive verb,,,2,,,,,
325,hayook_xw,eating utensils (knife & fork),,,noun,,2,,,,,,
326,ts'ee,edge,,,noun,,,,,,,,
327,lok_',eel,,,noun,,,,,,,,
328,hlgim ha,egg,,,noun,,2,,,,,,
329,sg_ans,elbow,,,noun,,,,,,,,
330,loots',elderberry,,,noun,,,,,,,,
331,sg_an loots',elderberry bush,,,noun,,2,,,,,,
332,ts'amtx,electricity; flash,,,noun,,,,,,,,
333,gihlee'e,embroidery,,,noun,,2,,,,,,
334,g_al,empty; without people,,,prenoun,,,,,,,,
335,g_oot,be empty,,,,,,,,,,check this -- g_ooda? what is recording for?,
336,ts'u'win,end; tip; point,,,noun,,2,,,,,,
337,ts'in,enter; go in,ts'imax_s,,intransitive verb,,,?,,,,,
338,tx_aa; taax_,entirely; all,,,preverb,,,,,,,,
339,wag_ayt; waayt,entirely; completely,,,modifier,,1,,,,,,
340,yuxwsa,evening,,,noun,,,,,,,,
341,laalax_,examine,,,transitive verb,,1,,,,,LOOK REDUP,
342,bisxw,expect; be ready for,,,intransitive verb,,,,,,,,
343,mag_oonsxw,explain,,,intransitive verb,,2,,,,,,
344,ts'a'a,eye; face,,,noun,,1,,,,,,
345,ligi'l,eyebrow,,,noun,,2,,,,,,
346,laya woo'lip; laya woo'mil,eyelash,,,noun,,3,,,,,,
347,xwsit,autumn; fall,,,noun,,,,,,,,
348,g_enx_,fall (of a tree),linx_,,intransitive verb,,,1,,,,,
349,tk_'aa kw'adixsxw,fall down; fall over,,,intransitive verb,,2,,,,,,
350,guwasxw,fall down,guxwguwasxw,,intransitive verb,,1,2,,,,,
351,t'ugwantxw,fall down,,,intransitive verb,,2,,,,,,
352,wil 'naa t'ahl,family,,,noun,,3,,,,,,
353,.'masxw,fart; sting,mis'masxw,,intransitive verb,,,2,,,,check category of sting use -- still intransitive?,
354,naahlx_,fast (of food); refrain from eating,,,intransitive verb,,,,,,,BREATH?,
355,t'ee'lt,be fast; hurry; rush,,,intransitive verb,,,,,,,,
356,hix,fat,,,noun,,,,,,,check sentence audio for right category,
356,hix,be fat,,,intransitive verb,,,,,,,check sentence audio for right category,
357,baasx,fear,,,transitive verb,,,,,,,,
358,li'ligit,feast,,,noun,,1,,,,,,
359,yoog_an,feed,tx_oog_an,,transitive verb,,1,1,,,,,
360,aatx,feel (touch or sensation),,,transitive verb,,,,,,,,
361,sbax_sxw,feel one's way along,,,intransitive verb,,,,,,,check transitivity,
362,g_enin,fell (a tree),linin,,transitive verb,,1,1,,,,check transitivity,
363,g_alaax_an,fence,,,noun,,2,,,,,,
364,hlibuu,be few,,,quantifier,,2,,,,,,
365,dal,fight,,,intransitive verb,,,,,,,,
366,midin,fill,,,transitive verb,,1,,,,,,
367,neek_',dorsal fin,,,noun,,,,,,,,
368,.'wa,find; get to (somewhere); reach,,,transitive verb,,,,,,,,
369,.'week_'s,find,,,transitive verb,,,,,,,check transitivity and usage,
370,awsxw,be fine (size),,,intransitive verb,,,,,,,,
371,g_ats'uwinilt,fingers,,,noun,,3,,,,,,
372,g_aak_,index finger,,,noun,,,,,,,,
373,sg_enx,little finger,,,noun,,,,,,,,
374,silgunst,middle finger,,,noun,,1,,,,,,
375,sda'lixs,ring finger,,,noun,,1,,,,,,
376,hlisin,finish,hlixhlisin,,transitive verb,,1,2,,,,,
377,hlisxw,be finished,hlixhlisxw,,intransitive verb,,,2,,,,,
378,wihl,fir tree,,,noun,,,,,,,,
379,dax_,firmly,,,preverb,,,,,,,,
380,lakw,fire; fuel,,,noun,,,,,,,,
381,Gisk_'ahaast; Gisk_'aast,Fireweed phratry; Killerwhale phratry,,,noun,,3; 2,,,,,,
382,xsg_ook_,be first,,,intransitive verb,,,,,,,,
383,hun; hon,anadromous fish; salmon (and steelhead),,,noun,,,,,,,,
384,ixw,fish (with hook and line),,,intransitive verb,,,,,,,,
385,lan,fish eggs,,,noun,,,,,,,,
386,.'ween,fisher,,,noun,,,,,,,,
387,g_al k_'oop',fish heart,,,noun,,2,,,,,,
388,t'a'wilt,fish hook; safety pin,,,noun,,?,,,,,,
389,hlatsx_,fish tail,,,noun,,,,,,,,
390,t'in,fish weir; fishtrap,,,noun,,,,,,,,
391,gyooks,float; drift; soak,looks,,intransitive verb,,,1,,,,,
392,ha'niiwan,floor,,,noun,,3,,,,,,
393,majag_alee,flower,,,noun,,4,,,,,,
394,biyoosxw,fly; mosquito,,,noun,,2,,,,,,
395,gipaykw,fly,lipaykw,,intransitive verb,,2,2,,,,,
396,k'ip hlik',flying squirrel,,,noun,,2,,,,,,
397,x_eek_,foam; blossoms,,,noun,,,,,,,,
398,yuxw,follow,,,transitive verb,,,,,,,,
399,wineex,food,,,noun,,2,,,,,,
400,lo'obim t'im g_es,fool hen,,,noun,,"1,5",,,,,,
400,lo'oba ts'a'l,fool hen,,,noun,,"1,4",,,,,,
401,momst,be foolish; be nuts,,,intransitive verb,,,,,,,check usage to see if it has weird metathesis or T-like behavior,
402,miin,base; foot; boss,,,noun,,,,,,,,
403,nax_s'neex_,top surface of foot,,,noun,,2,,,,,,
404,g_aniis,for a long time; always,,,preverb,,2,,,,,,
405,lukw'il,for good; very,,,modifier,,1,,,,,preverb??,
406,hat'ag_an,forbid,,,transitive verb,,2,,,,,,
407,hupx_,forehead,,,noun,,,,,,,,
408,t'ak,forget,,,transitive verb,,,,,,,,
409,hax_smax,fork,,,noun,,2,,,,,,
410,.'wahlin,former; old-fashioned,,,preverb,,1,,,,,,
411,.'widin,forward; ahead,,,preverb,,1,,,,,,
412,t'aky'aluts,fox,,,noun,,3,,,,,,
412,k_'ala'waa'a,fox,,,noun,,3,,,,,,
413,sidaw,freeze,,,transitive verb,,2,,,,,,
414,ha'niixwsdinsa,Friday,,,noun,,3,,,,,,
415,ansiip'insxw,friend; lover; loved one,,,noun,,2,,,,,,
416,damk_xw,friend,,,noun,,,,,,,,
417,g_anaa'w,frog,,,noun,,2,,,,,,
418,lax_ see'l,Frog Phratry; Raven Phratry,,,noun,,2,,,,,check if one or other is Frog/Raven,
418,g_anada,Frog Phratry; Raven Phratry,,,noun,,2,,,,,check if one or other is Frog/Raven,
419,haldim,from the ground,,,preverb,,1,,,,,,
420,uxs,from the land into the water; toward the water,,,preverb,,,,,,,,
421,sog_om,from the water onto land,,,preverb,,1,,,,,,
422,sox_,frost,,,noun,,,,,,,,
423,mitxw,be full,mitmitxw,,intransitive verb,,,2,,,,,
424,ts'eex,be full (after eating); be satiated,,,intransitive verb,,,,,,,,
425,mamst,be funny; be silly; be foolish,,,intransitive verb,,,,,,,,
426,dim,will; would; future,,,modal,,,,,,prospective aspect marker,,
427,hakwhl,gaff,,,noun,,,,,,,,
428,hakhlxw,gaff,,,intransitive verb,,,,,,,should spelling be hakwhlxw based on N form?,
429,mihla,gall; bile,,,noun,,2,,,,,,
430,dilksimxw,gallbladder,,,noun,,1,,,,,,
431,x_san,gamble,,,intransitive verb,,,,,,,,
432,anduuyn,garden,,,noun,,2,,,,,,
433,gi'nitxw,get up (out of bed),li'nidimax_s,,intransitive verb,,2,2,,,,,
434,gi'nam,give,,,transitive verb,,2,,,,,give ITEM.obj to RECEIVER.obl,
435,gin,"to give (food, drink, tobacco); to serve (food, drink, tobacco)",gingin,,transitive verb,,,2,,,,give RECEIVER.obj FOOD.obl,
436,s'yun,glacier,,,noun,,,,,,,,
437,yee,go; walk,hlo'o; wilax_s,,intransitive verb,,,1; ?,,,,,
438,gyop',go ahead; go on,,,command,,,,,,,,
439,xsaxw,go out; go outside; exit,xseek_,,intransitive verb,,,1,,,,,
440,ts'ak,go out (fire); be extinguished,,,intransitive verb,,,,,,,,
441,suut,go for (in order to get),,,transitive verb,,,,,,,T-verb??,
442,gul,gold,,,noun,,,,,,,,
443,am,be good,am'am,,intransitive verb,,,2,,,,,
444,t'ok_,grab,dax_t'ok_,,verb,,,2,,,,verb - check transitivity,
445,habasxw,grass,,,noun,,1,,,,,,
446,k'ibilap,gravel; pebbles; small rocks,,,noun,,3,,,,,,
447,ansgiyast,graveyard; cemetery,,,noun,,2,,,,,,
448,t'ilix,grease,,,noun,,1,,,,,,
449,litsxw,blue grouse,,,noun,,,,,,,,
449,max_meek_,blue grouse,,,noun,,2,,,,,,
450,bisda'y,willow grouse,,,noun,,2,,,,,,
451,mihlatxw,be green,,,intransitive verb,,2,,,,,,
452,k_'esx,be green; be unripe,,,intransitive verb,,,,,,,,
453,lik'i'nsxw,grizzly bear,,,noun,,2,,,,,,
454,gwiikw,groundhog; marmot,,,noun,,,,,,,,
455,.'mas,grow up,limax_s; limx_s,,intransitive verb,,,1,,,,CHECK PLURAL FORMS,
456,k'uuhlx_an,wood grub,,,noun,,2,,,,,,
457,ha'niig_an'win,gums (in mouth),,,noun,,4,,,,,,
458,dihlxum jayn,gunny sack,,,noun,,3,,,,,,
459,halakw,gunpowder,,,noun,,2,,,,,,
460,jax_ts'ax_,hail,,,noun,,2,,,,,,
461,g_es,hair,,,noun,,,,,,,,
462,ts'al,half-smoked salmon,,,noun,,,,,,,,
463,tx_ox,halibut,,,noun,,,,,,,,
464,dak_hl,hammer; maul,,,noun,,,,,,,,
465,t'aap,hammer,dipt'aap,,verb,,,2,,,,verb - check transitivity,
466,huksin; yukwsin,hang; attach,,,transitive verb,,1,,,,,,
467,g_antxw,be hard,g_ang_antxw,,intransitive verb,,,2,,,,,
468,g_ayt,hat,g_ag_ayt,,noun,,,2,,,,,
469,hlibalk_,hate,,,verb,,2,,,,,verb - check transitivity,
470,x_asiipsxws,have a cold,,,intransitive verb,,2,,,,,,
471,sgidim; sgi dim,have to; ought to; should; must,,,subordinator,,1,,,,circumstantial neccessity modal + prospective aspect,,dep marker
,sgi,should; must,,,auxiliary,,,,,,circumstantial neccessity modal,,
472,sg_an ts'ak',hazelnut bush,,,noun,,2,,,,,,
473,t'im g_es,head,g_at'im g_es,,noun,,2,3,,,,,
474,nax_'ni; lax_'ni,hear,,,transitive verb,,2,,,,,,
475,g_oot,heart,g_ag_oot,,noun,,,2,,,,,
476,sigyamk,heat; warm up,silimlamk,,transitive verb,,2,3,,,,,
477,sdin,to be heavy,,,intransitive verb,,,,,,,,
478,dipx_s,heel,,,noun,,,,,,,,
479,hlimoo,help,,,transitive verb,,2,,,,,,
480,xsuu'w,edible hemlock bark,,,noun,,,,,,,,
481,am giikw; giikw,hemlock tree,,,noun,,2; 1,,,,,,
482,sgya,herring,,,noun,,,,,,,,
483,sankw'ax_,hiccup,,,intransitive verb,,2,,,,,,
484,yaxw,hide,hiliixw,,intransitive verb,,,2,,,,,
485,hal sgit,hill,,,noun,,2,,,,,,
486,k_'elt,top of hill,,,noun,,,,,,,,
487,t'im k'uukw',hips,,,noun,,2,,,,,,
488,yats,hit,yisyats; hisyats,,transitive verb,,,2,,,,,
489,.'mats,hit; strike,mis'mats,,transitive verb,,,2,,,,,
490,dax_yukw(t),hold; carry,,,transitive verb,,2,,,,,,T-verb
491,no'o,have a hole,noona'a,,intransitive verb,,1,1,,,,,"combines with preverbs, but is it also a noun? usually in argument position?"
492,ha'w,go home,,,intransitive verb,,,,,,,check example sentences for both versions of ha'w,
493,neek_,hoof,,,noun,,,,,,,,
494,hasg_altxw,horn,,,noun,,2,,,,,,
495,gyuwadan,horse,gyuwadantxw,,noun,,3,3,,,,,
496,wilpsiipxw,hospital,,,noun,,"1,2",,,,,,
497,gyamk,be hot,lamk,,intransitive verb,,,1,,,,,
498,wilp,house,huwilp,,noun,,,2,,,,,
499,sim 'maa'y,huckleberry,,,noun,,2,,,,,,
500,.'mii g_an,grey huckleberry,,,noun,,2,,,,,,
501,da'mas,hug,,,transitive verb,,1,,,,,,
502,sdi'moon,humpback salmon; pink salmon,,,noun,,2,,,,,,
503,xwdax,be hungry,luxwdax,,intransitive verb,,,2,,,,,
504,t'ee'esxw,hurry; rush,,,intransitive verb,,1,,,,,,
505,siipxw,hurt; ache; be sick,sipsiipxw,,intransitive verb,,,2,,,,,
506,sg_eksxw,get hurt; be injured,,,intransitive verb,,,,,,,,
507,daw,ice,didaw,,noun,,,2,,,,check if plural also works for noun version -- also dawdaw?,
,daw,freeze,didaw,,intransitive verb,,,2,,,,check if plural also works for noun version -- also dawdaw?,
508,duula,improperly,,,preverb,,1,,,,,,
509,luu,in; inside; along the path,,,preverb,,,,,,,,
510,ahlax_,in bad health,,,preverb,,?,,,,,,
511,luu saa,in front,,,preverb,,"1,2",,,,,,
512,bag_ayt,in the middle,,,preverb,,1,,,,,,
513,x_ts'i,in the middle of a long object,,,preverb,,,,,,,,
514,hax_hamdak_xw,be incompetent,,,intransitive verb,,?,,,,,,
515,aluugyat,"First Nations Person; ""Indian""",aluugigyat,,noun,,3,4,,,,,
516,halayt,shaman,haalayt,,noun,,2,2,,,,,
517,hlbiyuxw,inform; tell message to,,,transitive verb,,2,,,,,,
518,ts'im,inside,,,prenoun,,,,,,,,
519,ts'ee'w,interior; insides,,,noun,,,,,,,,
520,haat,intestines; guts,,,noun,,,,,,,,
521,log_om; lag_am,into a portable or movable object,,,preverb,,1,,,,,,
522,ts'ilim; ts'im wil; ts'imil,into a stationary or non-movable object,,,preverb,,1,,,,,,
523,lok_'on; log_on,into fire,,,preverb,,1,,,,,,
524,g_aldix,into the woods,,,preverb,,1,,,,,,
525,lixs t'aa,island,,,noun,,2,,,,,,
526,x_ts'ak_xw,itch,,,intransitive verb,,,,,,,,
527,sginist; am sginist,jackpine tree,,,noun,,2; 3,,,,,,
528,hlguya,jack-spring; small spring salmon,,,noun,,2,,,,,,
529,wilpdixlee'e,jail,,,noun,,"1,3",,,,,,
530,japaan,Japanese,,,noun,,2,,,,,,
531,xbaa'w; x_baa'w,jaw,,,noun,,,,,,,does this vary or was it an error?,
532,gyasxw,be jealous,gisgyasxw,,intransitive verb,,,2,,,,,
533,wil luu hiihlyahlxw,joints of body,,,noun,,4,,,,,noun or phrase?,
534,skw'atxw,joke,,,intransitive verb,,,,,,,,
535,dabim gyat,judge,,,,,"1,3",,,,,check category,
536,gyuks,jump (of fish),luguxs,,intransitive verb,,,2,,,,,
537,g_os,jump; bounce,g_asg_os,,intransitive verb,,,2,,,,,
538,kw'adixsxw,jump around; flip,,,intransitive verb,,1,,,,,,
539,ts'ex_,juniper tree,,,noun,,,,,,,,
540,anjam,kettle; pot,anjimjam,,noun,,2,3,,,,,
541,hak_'ag_a,key,,,noun,,2,,,,,,
542,hlo'ox_s,kick,,,intransitive verb,,1,,,,,,
543,k'its'ee; t'ak'its'ee,kidney,,,noun,,2; 3,,,,,,
543,t'abee'e,kidney,,,noun,,2,,,,,,
544,jakw(t),kill,,,transitive verb,,,,,,,,T-verb
545,.'neex_hl,killer whale; blackfish; orca,,,noun,,,,,,,,
546,ts'iyoolik',kingfisher,,,noun,,2,,,,,,
547,k_'esi,knee,,,noun,,1,,,,,,
548,wilaax,know,,,transitive verb,,2,,,,,,
549,.'min g_aneex_s,ladder,,,noun,,3,,,,,,
550,t'ax_,lake,dit'ax_,,noun,,,2,,,,,
551,bok_',be lame,,,intransitive verb,,,,,,,,
552,laaxws,lamp; lantern; light,,,noun,,,,,,,,
553,yip,land; ground,,,noun,,,,,,,,
554,ky'atsxw,land (in canoe or boat); arrive (in canoe or boat),,,intransitive verb,,,,,,,,
555,algyax_,language,,,noun,,1,,,,,,
,algyax_,speak; talk,al'algyax_; hal'algyax_,,intransitive verb,,1,2,,,,,
556,aajax_xw,last; persist,,,intransitive verb,,1,,,,,,
557,gik'uuhl,last year,,,adverb,,2,,,,,,
558,gina hetxw,be late,,,intransitive verb,,3,,,,,,
559,halaagyax_,laugh,hishalaagyax_xw,,intransitive verb,,2,3,,,,check final xw on SG vs PL,
560,ts'ahlx_,laugh,,,intransitive verb,,,,,,,,
561,ts'ahlx_xw,laugh at,,,transitive verb,,,,,,,,
562,ayook_,law,,,noun,,2,,,,,,
,ayook_,order; command,,,transitive verb,,2,,,,,,
563,alayst,be lazy,,,intransitive verb,,2,,,,,,
564,dee'ntxw,lead,,,transitive verb,,,,,,,,
565,.'yans,leaf; grass; weeds,,,noun,,,,,,,,
566,ts'iikw,leak,jixwts'iikw,,intransitive verb,,,2,,,,,
567,siwilaaks,learn,,,transitive verb,,3,,,,,,
568,daa'whl,leave,saks,,intransitive verb,,,1,,,,,
569,mak_(t),leave; put,t'ahl(t),,transitive verb,,,1,,,,,T-verb
570,man,"be left (of food, etc); be remaining (of food etc)",,,intransitive verb,,,,,,,,
571,mat'ux un,left hand,,,noun,,"1, 3",,,,,,
572,se'e,leg; foot,sise'e,,noun,,1,2,,,,,
573,gwaas(t),lend,,,transitive verb,,,,,,,(just a guess -- check),T-verb
574,hadix,lengthwise down the middle,,,preverb,,1,,,,,,
575,t'asxu,let's,t'asxusi'm,,command,,2,2,,,,check usage,
576,ts'eek_,lick,,,transitive verb,,,,,,,,
577,yal,lie; tell a lie,hiliyal,,intransitive verb,,,3,,,,,
578,g_an didils,life,,,noun,,3,,,,,,
579,bats(t),lift,bisbats(t),,transitive verb,,,2,,,,,T-verb
580,aapxin,be lightweight,,,intransitive verb,,1,,,,,,
581,hu'max_,lightning,,,noun,,1,,,,,,
582,ma,like; similar to,,,,,,,,prefix,,,
583,siip'in,like (a person); feel affection for,,,transitive verb,,1,,,,,,
584,nisx_,upper lip,,,noun,,,,,,,,
585,sii gyuu'n,a little while ago; just past,,,adverb,,2,,,,,,
586,dap,liver,,,noun,,,,,,,,
587,xsihlxw,lizard,,,noun,,,,,,,,
588,sg_a t'akw,lock,,,transitive verb,,2,,,,,,
589,hilin,be lonely,,,intransitive verb,,2,,,,,,
590,.'nakw,be long,hi'niiluxw,,intransitive verb,,,2,,,,,
591,gya'lasxw,look; see,,,intransitive verb,,1,,,,,,
592,didi'y,look after; take care of,dixdidi'y,,transitive verb,,2,3,,,,,
593,di'mhlxw,look after,didi'mhlxw,,verb,,,2,,,,verb - check transitivity,
594,laag_al(t),look at; examine,lax_laag_al(t),,transitive verb,,1,2,,,,,optional T-verb
595,g_ol,loon,,,noun,,,,,,,,
596,jahl,lose,,,intransitive verb,,,,,,,,
597,kw'oodin,lose,,,transitive verb,,1,,,,,,
598,kw'ootxw,be lost; be gone; disappear,gwitkw'ootxw,,intransitive verb,,,2,,,,,
599,.'wii ame,be loud; shout,wit'ax_ alme,,intransitive verb,,3,4,,,,,
600,t'a,louse,,,noun,,,,,,,,
601,g_oo'os,be lukewarm,,,intransitive verb,,1,,,,,,
602,anawhlxw,lullaby,,,noun,,2,,,,,,
603,giihl,be lying down,laahl,,intransitive verb,,,1,,,,,
604,weex,lynx,,,noun,,,,,,,,
605,japxw,be made; be done; be built,jipjapxw,,intransitive verb,,,2,,,,,
606,sma'wn,maggot,,,noun,,,,,,,,
607,jap,make; do; build,jipjap,,transitive verb,,,2,,,,,
608,ts'eek_xw,make noise,g_ats'eek_xw,,intransitive verb,,,2,,,,,
609,gyat,man,ii'wxwt,,noun,,,1,,,,,
610,log_om 'wii gyat,old man,,,noun,,"1,4",,,,,,
611,k_'oox_st,maple tree,,,noun,,,,,,,,
612,naksxw,marry,,,transitive verb,,,,,,,,
613,hat',marten,,,noun,,,,,,,,
614,halagum g_an,match (for starting fire),,,noun,,"2,4",,,,,,
615,xwdaa,mattress,,,noun,,,,,,,,
616,smax,meat; body; flesh; black bear,,,noun,,,,,,,,
617,haldaakws,medicine (external); ointment; liniment,,,noun,,2,,,,,,
618,x_aldawk_xw,medicine (internal),,,noun,,2,,,,,,
619,mo'ox_xw,be meek; be mild; be quiet,,,intransitive verb,,?,,,,,,
620,jilks,melt; thaw,,,intransitive verb,,,,,,,,
621,jilksin,melt; thaw,,,transitive verb,,1,,,,,,
622,hlbiyumasxw,message,,,noun,,2,,,,,,
623,silkw,middle; waist,,,noun,,,,,,,,
624,nis'in,mink,,,noun,,2,,,,,,
625,anksulaag_altxw,mirror,,,noun,,3,,,,,"H&R says anksulaag_altxw --- the ksu may indicate that there is a ""wil"" in thereâ€¦ an ksi wil laag_altxw"" CF Rigsby p 85 for window",
626,yankw,be moldy,,,intransitive verb,,,,,,,BS: sweaty/messy (after having sex),
627,mandi,Monday,,,noun,,1,,,,,ha'niixsg_oog_am sa?,
628,daala,money; dollar; silver,,,noun,,1,,,,,,
629,hlox_sim ax_xw,moon,,,noun,,"1,3",,,,,,
630,x_adaa,moose,,,noun,,2,,,,,,
631,hliyun,tanned moosehide,,,noun,,2,,,,,,
632,hiihluxw,morning,,,noun,,1,,,,,,
633,umhl,moss,,,noun,,,,,,,,
634,majiluulak_',moth,,,noun,,3,,,,,,
635,sg_a'nist,mountain,sixsg_a'nist,,noun,,2,3,,,,,
636,matx,mountain goat,,,noun,,,,,,,,
637,hawaw,mountain lion,,,noun,,2,,,,,,
637,duusim gililix,mountain lion,,,noun,,"1,4",,,,,,
638,dibe,mountain sheep,,,noun,,2,,,,,,
639,diboogit,mouse; shrew,,,noun,,2,,,,,,
640,ts'im aak_,mouth,g_ats'im aak_,,noun,,2,3,,,,,
641,aak_,mouth (outer opening); lips,,,noun,,,,,,,,
642,saxw,mouth (of a stream),,,noun,,,,,,,,
643,hlantxw,move,hlinhlantxw,,intransitive verb,,,2,,,,,
644,lukw,move; change one's residence,,,intransitive verb,,,,,,,,
645,gyoo,move in water; swim (of fish),loo,,intransitive verb,,,1,,,,,
646,.'weesxw,be much; be many; be plentiful; be bountiful,,,intransitive verb,,,,,,,,
647,helt,be much; be many; be a lot,,,quantifier,,,,,,,,
648,tl'ook',mud,,,noun,,,,,,,,
649,seegit,murder,,,intransitive verb,,1,,,,,,
650,suu gyatt,murder,,,transitive verb,,2,,,,,check if T-verb?,
651,nak_'eeda,muskrat,,,noun,,2,,,,,,
652,gyals,blue mussel,,,noun,,,,,,,,
653,adaawk_,myth; legend; family history,,,noun,,2,,,,,,
654,t'aapx_ansxw,nail (for hammering),,,noun,,1,,,,,,
655,hlak_s; hlax_s,nail; claw,,,noun,,,,,,,,
656,ts'ax_'utxw,be naked,,,intransitive verb,,2,,,,,,
657,wa,name,huwa,,noun,,,2,,,,,
658,lax_ dibilx,nape of neck,,,noun,,2,,,,,,
659,t'ikw',navel; belly button,,,noun,,,,,,,,
660,hagun; hagwin; hogwin; hogun; gwin,near; toward; forward,,,preverb,,1,,,,,,
661,t'im lanix,neck,,,noun,,2,,,,,,
662,iis,necklace,,,noun,,,,,,,,
663,see'lax_,needle,,,noun,,1,,,,,,
665,sii,new,,,prenoun,,,,,,,,
666,gwi'nus,newborn baby,,,noun,,2,,,,,,
666,.'nusik,newborn baby,,,noun,,1,,,,,,
667,jox_k'uuhl,next year,,,adverb,,2,,,,,,
668,ax_xw,night,,,noun,,,,,,,,
669,gyax_xw,last night ,,,adverb,,,,,,,,
670,majilyee,nighthawk,,,noun,,3,,,,,,
671,nee,no,,,particle,,,,,,,,
,nee,be none; not exist; not be so,,,intransitive verb,,,,,,,,
,nee,not; not the case,,,auxiliary,,,,,,,,dep marker
672,g_alamk_,nonsense,,,noun,,2,,,,,,
673,silkwsax_,noon,,,noun,,2,,,,,,
674,gits'ook_,Northern Lights,,,noun,,2,,,,,,
675,ts'ak_,nose,jax_ts'ak_,,noun,,,2,,,,,
676,ts'im ts'ak_,nostril,,,noun,,2,,,,,,
677,hu'wandii; ha'wandii; ha'wendii,not yet,,,adverb,,2,,,,,,dep marker
678,gyuu'n,now,,,adverb,,,,,,,,
679,lax_ siilda,ocean,,,noun,,2,,,,,,
679,lax_ mo'on,ocean,,,noun,,2,,,,,,
680,haykw,odor; spirit,,,noun,,,,,,,,
681,log_om 'wii gyat,old man,,,noun,,"1,4",,,,,,
682,log_om 'wii nak_',old woman,,,noun,,4,,,,,,
683,lax_,on; on top of,,,prenoun,,,,,,,,
684,.'nii,on; on top of,,,preverb,,,,,,,,
685,sgi,be on; exist,dox_,,intransitive verb,,,1,,,,,
685,sgi,put down,dox_,,transitive verb,,,1,,,,,
686,sdax_,on the side lengthwise,,,preverb,,,,,,,,
687,k_'am; am,only,,,clause modifier,,,,,,,,
688,xsax_; xsaa,only; just,,,modifier,,,,,,,,
689,max_,only; nothing but,,,preverb,,,,,,,,
690,saak,oolachen; candlefish,,,noun,,,,,,,,
691,k_'ak_(t); k_'ak_,open,,,transitive verb,,,,,,,,
692,t'uxs,out of a portable or movable object,,,preverb,,,,,,,,
693,xsi,out of a stationary or non-movable object,,,preverb,,,,,,,,
694,sbi,out of the water,,,preverb,,,,,,,,
695,.'naa,out of the woods; in plain view; obviously against a background,,,preverb,,,,,,,,
696,wilpkw'ats,outhouse; privy,,,noun,,2,,,,,,
697,gyalk_,outside,,,adverb,,,,,,,,
698,.'nik_'an,over,,,preverb,,1,,,,,,
699,balx_sim,over; upside down; on one's belly,,,preverb,,1,,,,,,
699,g_alsim,over; upside down; on one's belly,,,preverb,,1,,,,,,
700,x_hlim,overland; around an object or obstacle,,,preverb,,,,,,,,
700,max_hliks; max_hli; .'max_hli,overland; around an object or obstacle,,,preverb,,1,,,,,,
701,baa'lax_t,overfeed,,,transitive verb,,1,,,,,verb - check transitivity,
702,andoosda,over there; across there,,,adverb,,2,,,,,,
703,duu'u,over there (not too far),,,adverb,,1,,,,,,
704,k'utk'u'nuxs,owl,,,noun,,3,,,,,,
705,g_an walix,pack; packboard,,,noun,,2,,,,,,
706,walix,pack,,,intransitive verb,,1,,,,,noun or intrans verb? check,
706,walix,pack,,,transitive verb,,1,,,,,,
707,waax,paddle; underside fin,,,noun,,,,,,,,
,waax,paddle,,,intransitive verb,,,,,,,,
708,daboon; t'aboon,padlock,,,noun,,2,,,,,,
709,ts'im un,palm,,,noun,,2,,,,,,
710,.'max_s,pants,maa'max_s,,noun,,,2,,,,,
711,sa'wnsxw,paper,,,noun,,,,,,,,
712,x_bil,partly,,,preverb,,,,,,,,
713,gyuwil,past; beyond,,,preverb,,1,,,,,,
714,ts'o'o,pause,,,intransitive verb,,1,,,,,,
715,x_hlg_o'o; x_o'o,to pay,,,transitive verb,,1,,,,,,
716,g_awagyaani,make peace,,,intransitive verb,,3,,,,,,
717,g_an t'imis,pencil,,,noun,,3,,,,,,
718,ts'ap,the people of a village; community,,,noun,,,,,,,,
719,hlaa,now; just now; about to,,,subordinator,,,,,,perfect aspect; inceptive aspect,,
720,anook_,permit; allow,,,transitive verb,,2,,,,,,
721,ha'mats,pestle,,,noun,,2,,,,,,
722,halimwil'aat,phonograph,,,noun,,4,,,,,,
723,guxwsg_alt'amdinsxw,photograph,,,noun,,3,,,,,,
724,t'aahlxw,pick (berries),,,intransitive verb,,,,,,,,
725,k_'ap,piece; part,,,noun,,,,,,,,
726,gyahlxw,pierce; stab; stick,gihlgyahlxw,,intransitive verb,,,2,,,,verb - check transitivity,
727,ha'mahl'i,pillow,,,noun,,2,,,,,,
728,hax_mi'yan,pipe,,,noun,,3,,,,,,
729,sgyan,pitch; gum,,,noun,,,,,,,,
730,aluu,plainly; clearly; visibly,,,preverb,,1,,,,,,
731,hahlibisxw,plane (tool),,,noun,,2,,,,,,
732,hlalp,plane (wood),,,verb,,,,,,,verb - check transitivity,
733,ma'us,play,mahas'us,,intransitive verb,,2,3,,,,,
734,anduwoot',pocket,,,noun,,3,,,,,,
735,g_aak_t,point out,,,transitive verb,,,,,,,verb - check transitivity,
736,.'maas lik'i'nsxw,polar bear,,,noun,,3,,,,,check if 'maas or maas?,
737,gwee'y,be poor,g_agwee'y,,intransitive verb,,,2,,,,,
738,haax_xw,be poor; suffer,,,intransitive verb,,,,,,,,
739,am k_'ooxst,white poplar tree,,,noun,,2,,,,,,
740,axwt,porcupine,,,noun,,,,,,,,
741,sgusiit; susiit; suusiit,potato,,,noun,,2,,,,,,
742,yukw,extended period of feasts; potlatch,,,noun,,,,,,,,
742,baahlats,potlatch,,,noun,,1,,,,,,
743,g_ats(t),pour,g_asg_ats(t),,transitive verb,,,2,,,,,T-verb
744,lax_ amaaxws,prairie,,,noun,,3,,,,,,
745,libleet,preacher; priest,,,noun,,2,,,,,,
746,ubin,be pregnant,,,intransitive verb,,1,,,,,,
747,his,pretend to,,,preverb,,,,,,,,
748,ama 'mas,be pretty; be handsome,ama limx_s,,intransitive verb,,3,3,,,,,
749,hlgu wilksihlxw,child of a chief; prince; princess,k'uba wilksihlxw,,noun,,2,3,,,,,
,ee'esxw,promise,,,noun,,1,,,,,,
750,ee'esxw,promise,,,intransitive verb,,1,,,,,,
751,aajax_,be proud,,,intransitive verb,,1,,,,,,
752,adixs,be proud,,,intransitive verb,,1,,,,,,
753,ay'aa'y,ptarmigan,,,noun,,2,,,,,,
754,damg_ansxw,pull,,,intransitive verb,,1,,,,,,
755,damg_an,pull,didamg_an,,transitive verb,,1,2,,,,,
756,.'mo'oxw,pus,,,noun,,1,,,,,,
757,t'is,push; punch; slug,dist'is,,transitive verb,,,2,,,,,
759,luu hloohlat,put in,,,verb,,2,,,,,hloohlat is plural? CF Rigsby - check transitivity also,
760,.'malkw,put into fire,tx_alt,,transitive verb,,,1,,,,,
761,anda hawil,quiver,,,noun,,"1,4",,,,,,
762,g_ax_,rabbit,,,noun,,,,,,,,
763,ha'algyag_am g_al'ink_,radio,,,noun,,"2,6",,,,,,
764,sax_sg_an,raft,,,noun,,2,,,,,,
765,hagimgyasxw,rag,,,noun,,2,,,,,,
766,wis,rain,,,noun,,,,,,,probably a noun?,
767,max_maag_ay,rainbow,,,noun,,2,,,,,,
768,naasik',raspberry,,,noun,,1,,,,,,
769,g_aakhl,rat,,,noun,,,,,,,,
770,haseex,rattle,,,noun,,2,,,,,,
771,g_aak_,raven,,,noun,,,,,,,,
772,k_'ap; ap,really; certainly,,,clause modifier,,,,,,verum focus marker,,
773,ihlee'etxw,be red,,,intransitive verb,,2,,,,,,
774,masxw,be red (ochre-coloured),mismasxw,,intransitive verb,,,2,,,,,
775,sim g_an,red cedar tree,,,noun,,2,,,,,,
776,haa'atx,redheaded woodpecker,,,noun,,1,,,,,,
777,didilax_xw,be red-hot,,,intransitive verb,,2,,,,,,
778,luxwt,refuse (to give),,,transitive verb,,,,,,,verb - check transitivity,
779,k_'ap,relative; kinsman,g_apk_'apxw,,noun,,,2,,,,,
780,amg_oo(t),remember,,,transitive verb,,2,,,,,,T-verb
781,sgwaa'ytxw,rest,,,intransitive verb,,,,,,,,
782,yaldin,return,,,transitive verb,,1,,,,,,
783,luu yaltxw,return; come back,luu hilyaltxw; luulyaltxw,,intransitive verb,,2,3; 2,,,,,
784,sitxwt,return; pay back,,,verb,,,,,,,verb - check transitivity,
785,ha'mook_,rhubarb,,,noun,,2,,,,,,
786,pdal,ribs,,,noun,,,,,,,,
787,miyup,rice,,,noun,,2,,,,,,
788,ama wilim,rich,ama g_awilim,,,,3,4,,,,,
789,k_'abaluu; abaluu,rifle,,,noun,,3,,,,,,
790,sim un,right hand,,,noun,,2,,,,,,
791,ts'ixs da'un,ring,,,noun,,?,,,,,,
792,mukw,be ripe,,,intransitive verb,,,,,,,,
793,g_enx_,road; path,g_ang_enx_,,noun,,,2,,,,,
794,yoot,roast (over a fire); barbecue,,,transitive verb,,,,,,,,
795,gwisg_angwa'ltxw; sg_angwa'ltxw,robin,,,noun,,3; 2,,,,,,
796,lo'op,rock; stone,,,noun,,1,,,,,,
797,lax_lilp,roll,lax_lilplilp,,intransitive verb,,2,3,,,,CHECK THIS ONE PLURAL FORM WHAT? CVCC REDUP???,
798,g_ambuxw,roof; shingle,,,noun,,?,,,,,,
799,wist,root,,,noun,,,,,,,,
800,ax_,a root species,,,noun,,,,,,,,
801,hagwiluxw,rope,,,noun,,3,,,,,,
802,k_'ok_hl,rope (of cedar),,,noun,,,,,,,,
803,lok_,be rotten;  be old,loolax_,,intransitive verb,,,1,,,,,
804,seeg_al,be rough,sixseeg_al; sax_seeg_al,,intransitive verb,,1,2,,,sixseeg_al (collective plural); sax_seeg_al (distributive plural),rearrange plurals into same entry??,
807,t'aabeek_'xw,be round,,,intransitive verb,,2,,,,,,
808,hliba'l,to rub,,,verb,,2,,,,,verb - check transitivity,
809,laam,rum; alcoholic beverage,,,noun,,,,,,,,
810,bax_,run,g_ol,,intransitive verb,,,1,,,,,
811,k'eek_xw,run away; flee,huut,,intransitive verb,,,1,,,,,
812,yahlx_,saliva; spittle,,,noun,,,,,,,,
813,mo'on,salt,,,noun,,1,,,,,,
814,.'mii k_'oox_st,salmonberry,,,noun,,2,,,,,,
815,xsiip,fine sand; sandbar,,,noun,,,,,,,,
816,wisax,sandbar,,,noun,,1,,,,,,
817,gyam,Saskatoon berry,,,noun,,,,,,,,
818,sg_an gyam,Saskatoon bush,,,noun,,2,,,,,,
819,ha'niiyeek_,Saturday,,,noun,,3,,,,,,
820,hax_beex_sxw,saw,,,noun,,2,,,,,,
821,amalkw,scab,,,noun,,2,,,,,,
822,g_olix,scalp,,,noun,,1,,,,,,
823,hit',scar,hithit',,noun,,,2,,,,check if plural also works for noun version,
,hit',heal; heal over; seal; seal up,hithit',,intransitive verb,,,2,,,,check if plural also works for noun version,
824,x_hlguluxw,scold,,,verb,,?,,,,,verb - check transitivity,
825,xhli haks,scold; bawl out,xhli haxhaks,,transitive verb,,2,3,,,,,
826,g_aap,scratch,g_apg_aap,,transitive verb,,,2,,,,,
827,.'waa'atxw,scream; cry out,wax_'waa'atxw; g_a'waa'atxw,,intransitive verb,,1,2,,,,,
828,phlo'on,sea otter,,,noun,,1,,,,,,
829,hlak_'asxw; hla'asxw; hlak_'ahasxw,edible seaweed; sea lettuce,,,noun,,2; 1,,,,,,
830,gya'a,see; look at,gixgya'a,,transitive verb,,1,2,,,,,
831,go'milt,see; catch sight of something out of the corner of one's eye,,,verb,,1,,,,,verb - check transitivity,
832,gilaa'l,see; catch sight of a moving object,,,verb,,2,,,,,verb - check transitivity,
833,anwana'a,seed,,,noun,,2,,,,,,
834,woot'(t),sell,,,transitive verb,,,,,,,,
835,hets,send,hashets,,transitive verb,,,2,,,,,
836,basax_xw,separate,,,intransitive verb,,1,,,,,,
837,.'masim,separately; apart,,,preverb,,1,,,,,,
838,.'yak_,set (a snare); be hanging,,,intransitive verb,,,,,,,verb - check transitivity,
839,libast,sew,,,verb,,1,,,,,verb - check transitivity,
840,halibast,sewing machine,,,noun,,2,,,,,,
841,g_ans'oots'x_an,shadow,g_ansk_'oots'x_an,,noun,,3,3,,,,"check if this is a variant, not a plural",
842,xwts'agimsxw,be shady,,,intransitive verb,,1,,,,,,
843,saxwt,shake,suxsaxwt,,verb,,,2,,,,verb - check transitivity,
844,yeek_t,share; give out,,,verb,,,,,,,verb - check transitivity,
845,sak_,be sharp,sax_sak_,,intransitive verb,,,2,,,,pl should be siisax_... Check,
846,daasgant,sharpen; grind,,,transitive verb,,?,,,,,,
847,si'yimk_,shave,,,verb,,2,,,,,verb - check transitivity,
848,t'im hlaa'm,shin; calf of leg,,,noun,,2,,,,,probably shin but not calf,
849,xhla'wsxw,shirt,,,noun,,,,,,,check for xshla'wsxw,
850,ts'a'wax_s,shoes,,,noun,,1,,,,,,
851,guxw,shoot,guxwguxw,,transitive verb,,,2,,,,gun vs bow?,
852,xwdakw,shoot,,,intransitive verb,,,,,,,gun vs bow?,
853,dulpxw,be short,dildulpxw,,intransitive verb,,,2,,,,,
854,duxwsxw,be short of something; not have much of something,,,verb,,,,,,,verb - check transitivity,
855,no'ohl,shoulder,hino'ohl,,noun,,1,2,,,,,
856,hats'al,shoulderblade; knife for making ts'al,,,noun,,2,,,,,,
857,g_ehlx_xw,shout; holler,,,intransitive verb,,,,,,,,
858,dalbixsxw,shrink,,,intransitive verb,,1,,,,,,
859,ky'aduu,sideways,,,preverb,,1,,,,,,
860,pdoohl,siding,,,noun,,,,,,,,
861,g_aakw,sinew,,,noun,,,,,,,,
862,t'aa,sit; be situated,wan,,intransitive verb,,,1,,,,,
863,xsan,Skeena River,,,noun,,,,,,,"""ksyen"" in west?",
864,tk_'a,skin; hide,dax_tk_'a,,noun,,,2,,,,,
865,nimk_,skin on lip,,,noun,,,,,,,,
866,ts'o'ot,skin,,,transitive verb,,1,,,,,,
867,g_ehlx_,be skinny,,,intransitive verb,,,,,,,,
868,nak_',skirt,nax_nak_',,noun,,,2,,,,pl should be naanax_ or naa'nax_?,
869,t'amilwilgit,skull,,,noun,,3,,,,,,
870,g_en,skunk,,,noun,,,,,,,,
871,lax_ ha; lax_a,sky,,,noun,,2,,,,,,
872,x_a'a,male slave,hlihlingit,,noun,,1,2,,,,,
873,wat'uxw,female slave,hlihlingit,,noun,,1,2,,,,,
874,wok_,sleep,woowax_; woowox_,,intransitive verb,,,1,,,,,
875,t'im wok_; .'nim wok_,be sleepy,,,intransitive verb,,2,,,,,,
876,g_esxw,be slender; be thin; be narrow (in diameter),g_asg_esxw,,intransitive verb,,,2,,,,,
877,g_eex_,slide,g_ax_g_eex_,,verb,,,2,,,,verb - check transitivity,
878,sigyootxw,slip,,,intransitive verb,,2,,,,,,
879,laltxw,be slow,,,intransitive verb,,,,,,,,
880,alisxw,be slow; be weak,,,intransitive verb,,2,,,,,,
881,hagul,slowly,,,preverb,,1,,,,,,
882,kw'aat'ax_,slug,,,noun,,1,,,,,,
883,hlgu,small; little,k'uba,,prenoun,,,1,,,,,
884,ts'uusx,be small; be little,sisuus,,intransitive verb,,,2,,,,,
885,haneek_(t),smell,,,transitive verb,,2,,,,,,T-verb
885,yim,smell,,,transitive verb,,,,,,,verb - check transitivity,
886,mumk_',smile,,,intransitive verb,,,,,,,,
887,mi'in,smoke,,,noun,,2,,,,,,
888,x_mi'yeen,smoke tobacco,,,intransitive verb,,2,,,,,,
889,huxws,smoked salmon slices,,,noun,,,,,,,,
890,wilpsihun,smoke house,,,noun,,"1,3",,,,,,
891,yahlxw,be smooth; be slippery,,,intransitive verb,,,,,,,,
892,lalt,snake; worm,,,noun,,,,,,,,
893,hogwast,snare,,,noun,,1,,,,,,
894,x_hlg_ayxw,sneak up,,,verb,,,,,,,verb - check transitivity,
895,hat'iswa,sneeze,,,intransitive verb,,1,,,,,,
896,x_shaneek_s,snore,,,intransitive verb,,2,,,,,,
897,nuts',snot,,,noun,,,,,,,,
898,maadim,snow (falling); winter,,,noun,,1,,,,,,
899,maaxws,snow (on ground),,,noun,,,,,,,,
900,ts'iihl,snowbird,,,noun,,,,,,,,
901,nax_,snowshoe,,,noun,,,,,,,,
902,maaxwsxum g_ax_,snowshoe rabbit,,,noun,,"1,3",,,,,,
903,gwilt,snowslide,,,noun,,,,,,,,
904,hayo'oxs'untxw,soap,,,noun,,"2,4",,,,,,
905,is,soapberry,,,noun,,,,,,,,
906,sg_an is,soapberry bush,,,noun,,2,,,,,,
907,miso'o,sockeye salmon,,,noun,,2,,,,,,
908,gitl',sockeye salmon (in red colour phase),,,noun,,,,,,,,
909,dahliisx,socks,,,noun,,2,,,,,,
910,gwee'yt,be soft,,,intransitive verb,,,,,,,verb - check transitivity,
911,hlat'ax_,be soft,,,intransitive verb,,1,,,,,verb - check transitivity,
912,limx,song,,,noun,,,,,,,,
,limx,sing,,,intransitive verb,,,,,,,,
913,oots'in,soul,,,noun,,1,,,,,,
914,milksax_,be sour,,,intransitive verb,,1,,,,,,
915,meex_,"be sour (of milk, etc)",,,intransitive verb,,,,,,,,
916,hinats'ak_,spank,,,verb,,?,,,,,verb - check transitivity,
917,algyax_,speak; talk,al'algyax_,,intransitive verb,,1,2,,,,,
918,gyadalee,spider,,,noun,,3,,,,,,
919,k_'osx_,spit up; spew,,,intransitive verb,,,,,,,,
920,t'im wil ky'o'o,spine,,,noun,,3,,,,,,
921,x_buksxw,spit,,,verb,,,,,,,verb - check transitivity,
922,his yatst,split,,,transitive verb,,2,,,,,check singular/pl?; verb - check transitivity,
923,sak_',split,,,intransitive verb,,,,,,,verb - check transitivity,
924,basig_an,split up; separate,bisbasig_an,,transitive verb,,1,2,,,,,
925,hoobix,spoon,,,noun,,1,,,,,,
926,k_'alduux,spoon (of alder wood or horn),,,noun,,?,,,,,,
927,g_alaak_',sports,,,noun,,2,,,,,,
928,bahlx_an,spread out,bihlbahlx_an,,transitive verb,,1,2,,,,verb - check transitivity,
929,gwanks,spring; fountain,,,noun,,,,,,,,
930,ya'a,spring salmon,,,noun,,1,,,,,,
931,gwooyim,springtime,,,noun,,1,,,,,,
932,seek_s,spruce tree,,,noun,,,,,,,,
933,sgwa,be square,,,intransitive verb,,,,,,,,
934,hloox_,squawfish,,,noun,,,,,,,,
935,da'mixs,squeeze (with arms); hug,,,verb,,1,,,,,verb - check transitivity,
936,.'wits'; 'mits',squeeze (with hands); mash (with hands),,,verb,,,,,,,verb - check transitivity,
937,ts'in hlik',squirrel,,,noun,,2,,,,,,
939,ts'ook_,stain,jax_ts'ook_,,verb,,,2,,,,verb - check transitivity,
940,hetxw,stand; be set upright,litxw,,intransitive verb,,,1,,,,,
941,hedin; hidin,stand; set upright,lidin,,transitive verb,,1,1,,,,,
942,bil'ust,star,bixbil'ust,,noun,,2,3,,,,,
943,g_asg_aats,starfish,,,noun,,2,,,,,,
944,six,steadily,,,preverb,,,,,,,,
945,x_sgyamks,steam,,,intransitive verb,,,,,,,,
946,milit,steelhead trout,,,noun,,2,,,,,,
947,gilan,"stern (of boat, canoe, etc)",,,noun,,2,,,,,,
948,k_'ay,still; just; near,,,clause modifier,,,,,,,,
949,sdatxs,stinging nettles,,,noun,,,,,,,,
950,luwasxw,be stingy,,,intransitive verb,,1,,,,,,
951,isxw,stink; smell bad,as'isxw; is'isxw,,intransitive verb,,,2,,,,,
952,yal,stir; beat,,,verb,,,,,,,verb - check transitivity,
953,g_al'oost,stomach,,,noun,,2,,,,,,
954,sduup,stove,,,noun,,,,,,,,
955,g_esx_xw,stop crying,,,intransitive verb,,,,,,,,
956,g_aldim woot',store,,,noun,,3,,,,,,
957,ant'imahlasxw,story,,,noun,,3,,,,,,
958,bahlx_,be straight,,,intransitive verb,,,,,,,,
959,lixs,strange; by itself; different,,,preverb,,,,,,,,
960,.'mii gunt,strawberry,,,noun,,2,,,,,,
960,.'mii doots',strawberry,,,noun,,2,,,,,,
961,sak'in,stretch,sixsak'in,,verb,,1,2,,,,verb - check transitivity,
962,sak't,stretch,sixsak't,,verb,,,2,,,,verb - check transitivity,
963,sak',stretch; be stretched,sixsak',,intransitive verb,,,2,,,,,
964,dax_gyat,be strong; be powerful,dahagyat,,intransitive verb,,2,3,,,,,
965,ts'ok_,be stuck; stick on,,,intransitive verb,,,,,,,choke?; verb - check transitivity,
966,.'mook_,suck,,,verb,,,,,,,verb - check transitivity,
967,balgi; baligi,sudden; spontaneously; uncausedly,,,preverb,,1,,,,,,
968,sugwa,sugar,,,noun,,2,,,,,,
969,sint,summer,,,noun,,,,,,,,
970,hlok_s; hlox_s,sun,,,noun,,,,,,,,
971,ha'niisgwaa'ytxw,Sunday,,,noun,,3,,,,,,
971,ha'niig_anuutxw,Sunday,,,noun,,4,,,,,,
972,hasiyayks,swallow (bird),,,noun,,3,,,,,,
973,hlok_'xw,swallow,hloohlak_'xw,,intransitive verb,,,1,,,,,
974,dilg_og_a,swan,,,noun,,2,,,,,,
975,hlgilkw,sweat,,,intransitive verb,,,,,,,,
976,angux'uutxw,sweathouse,,,noun,,3,,,,,,
977,ixsda,be sweet; be tasty,,,intransitive verb,,2,,,,,,
978,t'axw,sweep,,,intransitive verb,,,,,,,verb - check transitivity,
979,gitxw,swell up,gitgitxw,,intransitive verb,,,2,,,,verb - check transitivity,
980,hadixs,swim,hathadixs,,intransitive verb,,1,2,,,,,
981,ha'niitx_ook_xw,table,,,noun,,3,,,,,,
982,k'uukw',tail,,,noun,,,,,,,,
983,guu(t),take; pick up,dok_,,transitive verb,,,1,,,,T-verb?,
984,dalk_,talk,,,intransitive verb,,,,,,,,
985,didalk_,talk with; talk to,,,transitive verb,,2,,,,,,
986,k'eex,tallow,,,noun,,,,,,,,
987,sa'amagyat,tame,,,transitive verb,,4,,,,,,
988,gyaakw'iltxw,be tangled up,,,intransitive verb,,?,,,,,,
989,ts'iikw'inhlx_,be tangled up,,,intransitive verb,,1,,,,,,
990,dilax_t,taste,,,transitive verb,,1,,,,,,
991,x_dii,tea,,,noun,,,,,,,,
992,g_aldim x_dii,teapot,,,noun,,3,,,,,,
993,bis,tear,bisbis,,transitive verb,,,2,,,,,
994,gipaygum algyax_,telegram,,,noun,,"2,4",,,,,,
995,haluu'algyag_am t'uuts'xw,telephone,,,noun,,"3,6",,,,,,
995,haluumahlasxum t'uuts'xw,telephone,,,noun,,"3,6",,,,,,
996,he,say; tell; feel,,,intransitive verb,,,,,,,,
997,mahl(t),tell,,,transitive verb,,,,,,,T-verb,
998,sim he,tell the truth,,,intransitive verb,,2,,,,,,
999,ha'tixs,terribly; causing fear or uneasiness,,,preverb,,1,,,,,,
1000,x_ts'a'y,be thick (e.g. a board),,,intransitive verb,,,,,,,,
1001,liluxws,thief,g_aliluxws,,noun,,1,2,,,,,
,liluxws,steal,g_aliluxws,,intransitive verb,,1,2,,,,possibly also transitive?,
1002,ba'a,thigh,,,noun,,1,,,,,,
1003,sg_anhahl,thigh bone; femur,,,noun,,2,,,,,,
1004,g_an x_libast,thimble,,,noun,,2,,,,,,
1005,nisk_'o'o,thimbleberry,,,noun,,2,,,,,,
1006,hanix,be thin,hanhanix,,intransitive verb,,1,2,,,,,
1007,ha'niig_oot,thought,,,noun,,3,,,,,,
1008,gwalgwax_,be thirsty,,,intransitive verb,,1,,,,,,
1009,snax_; snahat; snaat,thornberry,,,noun,,1,,,,,,
1010,sg_an snax_; sg_an snahat; sg_an snaat,thorn tree,,,noun,,2,,,,,,
1011,ax_g_alk_'an,thoughtless; disobedient,,,intransitive verb,,3,,,,,,
1012,g_an lip'insxw,thread,,,noun,,2,,,,,,
1013,g_alksi,through a hole or opening,,,preverb,,1,,,,,,
1014,halaldin,throw,,,verb,,2,,,,,verb - check transitivity,
1015,moos,thumb; big toe,,,noun,,,,,,,,
1016,tya'ytxw; tye'etxw,thunder,,,noun,,1; 2,,,,,,
1017,ha'niitx_alpx_sa,Thursday,,,noun,,3,,,,,,
1018,ts'iip,tie,,,transitive verb,,,,,,,verb - check transitivity,
1019,ts'iipxw(t),tie (up),,,transitive verb,,,,,,,,T-verb
1020,sideex_,tie up an animal,,,verb,,2,,,,,verb - check transitivity,
1021,hlabixsxw,be tired,hliphlabixsxw,,intransitive verb,,1,2,,,,,
1022,laax_,to and fro; at both ends,,,preverb,,,,,,,,
1023,gis,to another place,,,preverb,,,,,,,,
1024,mahla,each,,,modifier,,1,,,,,,
1025,mi'yan,tobacco,,,noun,,2,,,,,,
1026,sag_ayt; saayt,together,,,modifier,,1,,,,,,
1027,t'ihlakw; t'aahlakw,tomorrow,,,adverb,,2,,,,,,
1028,hapts'eek_xw,tongs,,,noun,,2,,,,,,
1029,dilx_,tongue,g_adilx_,,noun,,,2,,,,,
1030,g_al,too; too much,,,preverb,,,,,,,,
1031,anhooya; anooya,tool,anhaxhooya,,noun,,2,3,,,,,
1032,.'win,tooth,win'win,,noun,,,2,,,,,
1033,hayo'oxs'wintxw,toothbrush,,,noun,,"2,4",,,,,,
1034,lax_ u,on top of,,,noun,,2,,,,,,
1035,k_'atx_,be torn,,,intransitive verb,,,,,,,,
1036,xwts'aan; pts'aan,totem pole,,,noun,,,,,,,,
1037,das,touch,,,transitive verb,,,,,,,,
1038,sipxw,be tough; be hard,sipsipxw,,intransitive verb,,,2,,,,,
1039,log_ox_,toward the fire,,,preverb,,1,,,,,,
1040,jap,small box trap,,,noun,,,,,,,,
1041,jayeehl,steel trap,,,noun,,2,,,,,,
1042,siilinasxw,trapline,,,noun,,2,,,,,check sentence files for polysemous word,
1042,siilinasxw,set traps,,,intransitive verb,,2,,,,,check sentence files for polysemous word,
1043,g_an,tree; wood,g_ang_an,,noun,,,2,,,,,
1044,pdeek_,tribe; phratry,,,noun,,,,,,,,
1045,laaxw,trout,,,noun,,,,,,,,
1046,bak_,try; feel,,,transitive verb,,,,,,,,
1047,ha'niigilbilsa,Tuesday,,,noun,,3,,,,,,
1048,asgi,be ugly,,,intransitive verb,,2,,,,,,
1049,hlaxw,under; underside,,,noun,,,,,,,,
1050,gildip,underneath,,,preverb,,1,,,,,,
1051,luuhli 'max_s,underpants,,,noun,,3,,,,,,
1052,luuhli xhla'wsxw,undershirt,,,noun,,3,,,,,,
1053,saa hlee'e,get undressed,,,intransitive verb,,2,,,,,verb - check transitivity,
1054,sg_olts,be ungrateful,,,intransitive verb,,,,,,,,
1055,juxwt,untie,,,verb,,,,,,,verb - check transitivity,
1056,bax_,up along a slope,,,preverb,,,,,,,,
1057,.'min,up through the air; at a sharp angle,,,preverb,,,,,,,,
1058,k_'ali,upriver,,,preverb,,1,,,,,,
1059,gigeenix,upriver area,,,noun,,2,,,,,,
1060,hasba,upside down; on one's back,,,preverb,,1,,,,,,
1061,hoox,use; wear,,,transitive verb,,,,,,,,
1062,t'in,valley,,,noun,,,,,,,,
1063,sim; saam,very; true; real,,,modifier,,,,,,,,
1064,g_al ts'ap,village,,,noun,,2,,,,,,
1065,x_sit,vomit; throw up,,,intransitive verb,,,,,,,,
1066,ts'ixts'ik',wagon; baby carriage; vehicle,,,noun,,2,,,,,,
1067,gibee'esxw,wait,,,intransitive verb,,2,,,,,,
1068,giba,wait for,,,transitive verb,,2,,,,,,
1069,gyuksxw,wake up,luguxs; luguxsxw,,intransitive verb,,,2,,,,,
1070,gyuksin,wake up,luguxsin,,transitive verb,,1,2,,,,,
1071,haahlx_an,wall,,,noun,,1,,,,,,
1072,.'nim,want to,,,preverb,,,,,,,,
1073,hasak_,desire; want,,,noun,,2,,,,,,
1074,gyamks,warm oneself up,limlamk,,intransitive verb,,,2,,,,,
1075,luxw,wart,,,noun,,,,,,,,
1076,lak_s,wash (one's body),laalax_s,,transitive verb,,,1,,,,verb - check transitivity,
1077,yo'oxs,"wash (face, hands, body, etc)",hiyo'oxs,,transitive verb,,1,2,,,,verb - check transitivity,
1078,maaks,wash clothes; put into water,,,verb,,,,,,,verb - check transitivity,
1079,lix,watch,,,verb,,,,,,,verb - check transitivity,
1080,aks,water; river,,,noun,,,,,,,,
,aks,drink; be wet,,,intransitive verb,,,,,,,,
1081,ts'itxs,waterfall,,,noun,,,,,,,,
1082,miksihl; muxsihl,weasel,,,noun,,2,,,,,,
1083,lit,wedge,lilit,,noun,,,2,,,,,
1084,ha'niigwila'lsa,Wednesday,,,noun,,4,,,,,,
1085,nuuhlx_xw,be wet (of a person),,,intransitive verb,,,,,,,,
1086,agwi; agu; gwi; gu,what,,,noun,,2; 2; 1; 1,,,,WH question word,,
1087,gyax_gu,when,,,adverb,,2,,,,WH question word,,
1088,nda; hinda,where; how; when,,,adverb,,1; 2,,,,WH question word,,
1089,daasgyan,whetstone,,,noun,,?,,,,,,
1090,ts'a'lixs,whirlpool,,,noun,,1,,,,,,
1091,.'yimk,whiskers; beard,,,noun,,,,,,,,
1092,hax_sgwiikws,whistle,,,noun,,2,,,,,,
1093,git'wink_; git'wink_xw,whistle,,,intransitive verb,,2,,,,,,
1094,maaxwsxw,be white,mismaaxwsxw,,intransitive verb,,,2,,,,,
1095,.'maas ol,white bear; Kermode bear; Ursus carmodi,,,noun,,2,,,,,,
1096,hloots',whitefish,,,noun,,,,,,,,
1097,amksiwaa; k_'amksiwaa; amxsiwaa,White person,,,noun,,3,,,,,,
1098,naa,who,,,noun,,,,,,WH question word,,
1099,ts'ins jakw,widow; widower,,,noun,,2,,,,,,
1100,am 'waasan,willow species,,,noun,,2,,,,,,
1101,giis,willow species,,,noun,,,,,,,,
1102,x_hlaahl,red willow bush,,,noun,,,,,,,,
1103,x_sdaa,win,,,intransitive verb,,,,,,,,
1104,bahasxw; baasxw,wind,,,noun,,1,,,,,,
1105,tk'uts'ilksxw,wind-devil,,,noun,,2,,,,,,
1106,aluug_oyp'ax_,window,,,noun,,3,,,,,,
1107,g_al'ame,windpipe,,,noun,,3,,,,,,
1108,k_'aax,wing; feather,,,noun,,,,,,,,
1109,gimk,wipe,limlimk,,verb,,,2,,,,verb - check transitivity,
1110,.'wii hoo'osxw,be wise,,,intransitive verb,,2,,,,,,
1111,haldawgit,witchcraft,,,noun,,2,,,,,,
1112,di,with,,,,,,,,prefix,,,
1113,sak_'ap,without purpose,,,preverb,,1,,,,,,
1114,gibuu,wolf,,,noun,,2,,,,,,
1115,lax_ gibuu,Wolf phratry,,,noun,,3,,,,,,
1116,naag_ets,wolverine,,,noun,,2,,,,,,
1117,hanak_',woman,haanak_',,noun,,2,2,,,,,
1118,ansgimhlxw,womb; uterus,,,noun,,2,,,,,,
1119,gihl'wintsxw; gihl'winsxw,woodpecker species,,,noun,,2,,,,,not sure the t belongs there?; is this the flicker?,
1120,gililix,woods; forest,,,noun,,2,,,,,,
1121,wilplakw,woodshed,,,noun,,2,,,,,,
1122,hahla'lst,work,g_ahahla'lst,,intransitive verb,,2,3,,,,,
1123,ha'niijok_,world,,,noun,,3,,,,,,
1124,hleek_,be worn,,,verb,,,,,,,verb - check transitivity,
1125,wantxw,worry,,,psychological verb,,,,,,,,
1126,hlimoo'lt,wrap,,,transitive verb,,2,,,,,verb - check transitivity,
1127,ts'it'uxsda,wren,,,noun,,2,,,,,,
1128,hamom,wrist,,,noun,,2,,,,,,
1129,giis,be wrong; missÂ ,gisgiis,,intransitive verb,,,2,,,,,
1130,k'uuhl,year,guhlk'uuhl,,noun,,,2,,,,,
1131,ee'e,yes,,,particle,,1,,,,,,
1132,ky'oots,yesterday,,,adverb,,,,,,,,
,k'i'y,one (thing),,,number,,,,,,,,
,k'eekw,one (animal),,,number,,,,,,,,
,ky'ul,one (person),,,number,,,,,,,,
,gilbil,two (things),,,number,,1,,,,,,
,t'ipx_aat,two (animals),,,number,,2,,,,,,
,bag_adil,two (people),,,number,,3,,,,,,
,gwila'l,three (things),,,number,,2,,,,,,
,gwilan,three (animals),,,number,,2,,,,,,
,gwilun,three (people),,,number,,2,,,,,,
,tx_alpx_; tk_'alpx_,"four (things, animals)",,,number,,,,,,,,
,tx_alpx_dul,four (people),,,number,,2,,,,,,
,xwsdins,"five (things, animals)",,,number,,,,,,,,
,xwsdinsul,five (people),,,number,,2,,,,,,
,k_'oolt,"six (things, animals)",,,number,,,,,,,,
,k_'ooldul,six (people),,,number,,2,,,,,,
,t'ipx_oo'lt,"seven (things, animals)",,,number,,2,,,,,,
,t'ipx_oo'ldul,seven (people),,,number,,3,,,,,,
,g_andoo'lt,"eight (things, animals)",,,number,,2,,,,,,
,g_andoo'ldul,eight (people),,,number,,3,,,,,,
,ky'uxdaa'lt,eight (things),,,number,,2,,,,,,
,ky'uxdaa'ldul,eight (people),,,number,,3,,,,,,
,xwsdimoos,"nine (things, animals)",,,number,,2,,,,,,
,xwsdimoosul,nine (people),,,number,,3,,,,,,
,xbi'l,ten (things),,,number,,,,,,,,
,ky'ap,ten (animals),,,number,,,,,,,,
,xbul,ten (people),,,number,,,,,,,,
,xbi'l dik'i'y,eleven,,,number,,3,,,,,,
,xbi'l digilbil,twelve,,,number,,3,,,,,,
,xbi'l digwila'l,thirteen,,,number,,4,,,,,,
,xbi'l ditx_alpx_,fourteen,,,number,,3,,,,,,
,xbi'l duxsdins,fifteen,,,number,,3,,,,,,
,xbi'l dik_'oo'lt,sixteen,,,number,,3,,,,,,
,xbi'l dit'ipx_oo'lt,seventeen,,,number,,4,,,,,,
,xbi'l dig_andoo'lt,eighteen,,,number,,4,,,,,,
,xbi'l diky'uxdaa'lt,eighteen,,,number,,4,,,,,,
,xbi'l duxsdimoos,nineteen,,,number,,4,,,,,,
,gilbil wil ky'ap,twenty,,,number,,"1,4",,,,,,
,gwila'l wil ky'ap,thirty,,,number,,"2,4",,,,,,
,k'ildakhl wil ky'ap,forty,,,number,,"2,4",,,,,,
,xwsdins wil ky'ap,fifty,,,number,,"1,3",,,,,,
,k_'oo'l wil ky'ap,sixty,,,number,,"1,3",,,,,,
,t'ipx_oo'l wil ky'ap,seventy,,,number,,"2,4",,,,,,
,ky'uxdaa'l wil ky'ap,eighty,,,number,,"2,4",,,,,,
,xwsdimoos wil ky'ap,ninety,,,number,,"2,4",,,,,,
,k'i'y wil ky'apt,hundred,,,number,,"1,3",,,,,,
,k'i'y diky'ap,hundred,,,number,,"1,3",,,,,,
,niye'e,grandfather; grand-uncle (grandparent's brother),g_aniye'etxw,,noun,,2,3,,,"plurals are dip niye'e (collective), g_aniye'etxw (distributive)",,
,ye'e,grandfather; grandpa,,,address form,,1,,,,,,
,nits'iits',grandmother; grand-aunt (grandparent's sister),g_anits'iits'xw,,noun,,2,3,,,"plurals are dip ts'iits' (collective), g_anits'iits'xw (distributive)",,
,ts'iits'; jiits',grandmother; granny; grandma,,,address form,,,,,,,,
,nigwoot,father; paternal uncle (father's brother),g_anigwootxw,,noun,,2,3,,,formal version,,
,baap,father; paternal uncle (father's brother),,,noun; address form,,,,,,informal version,,
,baba,daddy; father,,,address form,,2,,,,this form is used by children,,
,dii'y,(woman's) father; (woman's) paternal uncle (father's brother),,,address form,,,,,,this form is used by women,,
,nox_,mother; maternal aunt (mother's sister),g_anoonax_,,noun,,,2,,,formal version,,
,naa'a,mother; maternal aunt (mother's sister),,,noun; address form,,1,,,,informal version,,
,nibip,maternal uncle (mother's brother); paternal uncle by marriage (father's sister's husband); uncle,,,noun,,2,,,,,,
,biip,maternal uncle (mother's brother); paternal uncle by marriage (father's sister's husband); uncle,,,address form,,,,,,,,
,bii'y,maternal uncle (mother's brother); paternal uncle by marriage (father's sister's husband); uncle,,,address form,,,,,,,,
,nixdaa,paternal aunt (father's sister); maternal aunt by marriage (mother's brother's wife); aunt,,,noun,,2,,,,,,
,dada,paternal aunt (father's sister); maternal aunt by marriage (mother's brother's wife); aunt,,,address form,,2,,,,,,
,k_'ahlaan,stepfather; paternal uncle (father's brother),,,noun,,2,,,,some use this form for a paternal uncle (father's brother) instead of nigwoot,,
,wak,(man's) brother; (man's) male parallel cousin (by maternal aunt or paternal uncle),,,noun; address form,,,,,,,,
,xhlgiikw,(woman's) sister; (woman's) female parallel cousin (by maternal aunt or paternal uncle),,,noun,,,,,,,,
,diikw,(woman's) sister; (woman's) female parallel cousin (by maternal aunt or paternal uncle); (woman's) daughter,,,address form,,,,,,,,
,gimxdi,sibling of opposite gender; (woman's) brother; (man's) sister; parallel cousin of opposite gender (by maternal aunt or paternal uncle);,,,noun,,2,,,,,,
,doots,(man's) sister; (man's) daughter,,,address form,,,,,,,,
,gutx_a'oo,cross cousin (by maternal uncle or paternal aunt); cousin,,,noun,,3,,,,,,
,o'os,cross cousin (by maternal uncle or paternal aunt); cousin,,,address form,,1,,,,,,
,hlguuhlxw,"(one's own) child; (woman's) sister's child; (man's) brother's child; niece, nephew (of same-gender sibling)",hlgi,,noun,,,1,,,,,
,hlguuhlxum gyat,son; male child; nephew (of same-gender sibling),,,noun,,3,,,,,,
,hlguuhlxum hanak_',daughter; female child; niece (of same-gender sibling),,,noun,,4,,,,,,
,guslis,"niece, nephew (of opposite-gender sibling); niece, nephew (of opposite-gender sibling)",,,noun,,2,,,,,,
,huxwdaak'in; guxwdaak'in,grandchild,,,noun,,2,,,,,,
,naks,spouse; husband; wife,niinixsxw; g_aniinixs,,noun,,,1; 2,,,"plurals are niinixsxw (collective, as one), g_aniinixs (distributive, various)",,
,hlams,in-law; parent-in-law; child-in-law,hlihlamsxw; g_ahlamsxw,,noun,,,2,,,"plurals are hlihlamsxw (collective, as one), g_ahlamsxw (distributive, various)",,
,ky'ootxs,sibling-in-law (of opposite gender); husband's brother; (man's) brother's wife; wife's sister; (woman's) sister's husband,,,noun,,,,,,,,
,gwijiis,(woman's) sister-in-law; husband's sister; (woman's) brother's wife,,,noun,,2,,,,,,
,wilaayasxw,(man's) brother-in-law; (man's) wife's brother; (man's) sister's husband,,,noun,,2,,,,,,
NEW START,alp'a,which one,,,clause modifier,,1,,,,WH modifier,,
,dip,(and) them; plural (human),,,plural,,,,,,,,
,ji,if; would; could; possible,,,modal; subordinator,,,,,,irrealis particle,,dep marker
,jidaa; jida,if,,,subordinator,,,,,,,,dep marker
,ii,and; then,,,subordinator,,,,,,"conjoins sentences, clauses",,dep marker
,guu; guxw,a lot; too much; used to; habitual,,,modifier,,1,,,,,"investigate guu, guxw, k'uxw across dialects - too much vs habitual usage",
,ligi,some; any; whatever; whichever; like; maybe,,,(modifier),,1,,,,domain widener,,
,lip,self; one's own,,,modifier,,1,,,,,,
,sil,with; alongside; in company of; fellow,,,modifier,,1,,,,,,
,wil,be; do; happen,,,intransitive verb,,1,,,,,,
,wil; win,that,,,subordinator,,,,,,complementizer,,dep marker
,yukw,be doing; be happening; progressive,,,auxiliary,,1,,,,,,dep marker
,hlis,be finished; be done; perfective,,,auxiliary,,1,,,,,,dep marker
,hli,the one; the ... of,,,(subordinator),,,,,,partitive; relative operator,,dep marker
,a,to; for; with; by,,,preposition,,,,,,,,
,aloo,to; for; with; by,,,preposition,,2,,,,,,
,g_o'o; g_oo; g_a'a,to; from; at,,,preposition; agreeing preposition,,1,,,,,,
,g_an,and; with,,,preposition; conjunction,,,,,,,,
,luutk'u; lutk'u,around; in a circle,,,preverb,,1,,,,,,
,siwa(t),call by (a name); refer to as (a name),,,transitive verb,,2,,,,takes special oblique (name),,T-verb
,sitwatxw,be called (a name); be known as (a name),,,intransitive verb,,2,,,,takes special oblique (name),,
,.'nidinsxw,witness; acknowledge,,,intransitive verb,,1,,,,,,
,dits'in,escort inside; enter with,,,transitive verb,,2,,,,,,
,diyee,escort; go with,,,transitive verb,,2,,,,,,
,anli'ligit,feast hall,,,noun,,2,,,,,,
,g_abi,number of; how many,,,quantifier,,2,,,,,,
,yukw(t),hold; carry,,,transitive verb,,1,,,,,,T-verb
,toost,belongings; possessions,,,noun,,1,,,,,,
,didaa'whl,leave with; escort away,,,transitive verb,,2,,,,,,
,g_ado'o,behind; the far side of,,,noun,,2,,,,,,
,hlag_ats'uu; hlog_ots'uu,others; the rest of,,,quantifier,,3,,,,,,
,t'ilx_oo,thoughts,,,noun,,2,,,,,,
,hets'im; heksim; hets'iksim,just; as if,,,clause modifier,,1,,,,,,
,sit'aatxw; sit'aatxws,start; begin; be the beginning of,,,intransitive verb,,2,,,,,investigate difference between -txw and -txws,
,sit'aa,start; begin; initiate,siwan,,transitive verb,,2,2,,,,,
,sit'aa'ma,start (to),,,intransitive verb,,2,,,,,,
,gwalx_yee'ns,pass down,,,transitive verb,,2,,,,,,
,hlidaa,since,,,subordinator,,2,,,,,,dep marker
,sik'ihl; si'ix,try (to),,,preverb,,1,,,,,,
,wats',exactly; precisely; perfectly,,,preverb,,1,,,,,,
,sityeexw,change; transform,,,intransitive verb,,2,,,,,,
,sityeexw(t),change; transform,,,transitive verb,,2,,,,,,T-verb
,luu sityeexw(t),exchange,,,transitive verb,,3,,,,,check and compare with sityeexw,
,disityeexw(t),trade with,,,transitive verb,,3,,,,,,
,g_asg_oo,amount of; how much,,,quantifier,,2,,,,,,
,hoo; hox_; huxw,again; also; as before,,,clause modifier,,1,,,,,,dep marker
,wila,how; manner; the way of,,,subordinator,,1,,,,T-trigger on transitive verbs?,,dep marker
,sibin,harden,,,transitive verb,,1,,,,,,
,luu sibin,tighten up; seal up,,,transitive verb,,2,,,,,,
,yukw,move; change locations; go,lukw,,intransitive verb,,1,1,,,,,
,Gitxsan,Gitxsan; people of the Skeena River,,,noun,,2,,,,,,
,Ts'imsan,Tsimshian people,,,noun,,2,,,,,,
,is,urinate,,,transitive verb,,1,,,,,investigate: wet oneself,
,.'nii is,pee on,,,transitive verb,,2,,,,,,
,gat(t),appearance,,,relational noun,,1,,,,,,
,sag_ayt g_oot; sag_ayt g_ooda,gather together,,,intransitive verb,,3,,,,,,
,sag_ayt g_oodin,gather together,,,transitive verb,,3,,,,,,
,.'nii t'aa(t),put on; set on,.'nii wan(t),,transitive verb,,2,2,,,,,
,didils,life; living,,,noun,,2,,,,,,
,luu hugwag_an,observe; follow; respect (a tradition),,,transitive verb,,2,,,,,,
,g_anuutxw,week,,,noun,,2,,,,,,
,kw'asin,break; shatter,,,transitive verb,,1,,,,,,
,sbag_ayt g_an,woods; forest; the bush,,,noun,,"1,3",,,,,,
,gunga'a(t),show,,,transitive verb,,2,,,,,,
,g_a'nakw(t),length; while; amount of time/distance,,,relational noun,,2,,,,,,
,g_an,reason for; why it is that,,,clause modifier,,1,,,,,,
,g_an,tool; means of,,,modifier,,1,,,,,,
,.'mits'in; 'wits'in,squeeze (with hands); mash; crush,,,transitive verb,,1,,,,,,
,sdik'eekw,sibling; playmate; (woman's) sister; (woman's) female parallel cousin (by maternal aunt or paternal uncle) ,,,noun,,2,,,,"historically this was likely a synonym of xhlgiikw referring only to a woman's sister or parallel cousin. In contemporary usage, it seems to be gender-neutral.",,
,si'mas,raise (of children),silimx_s,,transitive verb,,2,2,,,,,
,swit,sweetheart,,,noun,,1,,,,from English 'sweet',,
,doosda,across there,,,adverb,,1,,,,,,
,.'wihl,around; about; kind of,,,preverb,,,,,,,,
,ak_hlxw; ak_xw,manage to get somewhere,,,intransitive verb,,1,,,,,,
,liseexw,discuss,,,transitive verb,,2,,,,,,
,sin,hunt for (animal); harvest (animal),,,prenoun,,1,,,,,,
,singwiikw,hunt marmots,,,intransitive verb,,2,,,,,,
,sinhun,fish,,,intransitive verb,,2,,,,,,
,sisatxw,undergo ritual cleansing; purify oneself,,,intransitive verb,,2,,,,,,
?? (yak_?),yak_,hang,lislisxw,,intransitive verb,,1,2,,,,,
,g_adaax,perimeter,,,noun,,2,,,,,,
,sg_a hit'in,seal up,,,transitive verb,,2,,,,,,
,hit'in,?,,,transitive verb,,1,,,,,,
,hit'xw,?,,,?,,1,,,,,,
,sa'anjok_,make camp; make a settlement,,,intransitive verb,,3,,,,,,
,ants'ap,village,anjipts'ap,,noun,,2,3,,,,,
,sa'ants'ap,make a village,,,intransitive verb,,3,,,,,"what would plural sa'anjipts'ap mean -- multiple makers, multiple villages?",
,waatxw,cry; cry out,,,intransitive verb,,1,,,,,compare or merge with 'waa'atxw?,
,tk'ihlxw; t'ihlxw,child; youth,,,noun,,1,,,,,,
,anhee,what is said; what is felt,,,?,,2,,,,,,
,g_an hee,why it is said; why it is felt; reason for saying,,,?,,2,,,,,,
,g_an wil,why it is done; why it happens,,,?,,2,,,,,,
,daha'w,bring home,,,transitive verb,,2,,,,,,
,g_ay,which one; out of several options,,,?,,,,,,contrastive marker,,
,g_ay hoo; g_ayoo; g_ay huxw,here and there; this way and that,,,clause modifier,,,,,,,,
,uu'w,invite,,,transitive verb,,1,,,,,,
,sgat,be born,,,intransitive verb,,1,,,,,"compare with gat; gigat (be born, hatch)",
,t'aa(t),set; situate; have sit,,,transitive verb,,1,,,,,,
,gwiis,blanket; blanket regalia,,,prenoun,,1,,,,,,
,aatyasxw,visions; spiritual symbols,,,noun,,1,,,,,,
,ts'axw,impressive; intense; awesome,,,intransitive verb,,1,,,,,,
,t'am,mark; write,,,transitive verb,,1,,,,,,
,bukw,book,,,noun,,1,,,,,,
,silimx,make songs,,,intransitive verb,,2,,,,,,
,silimx,make songs about,,,transitive verb,,2,,,,,check to make sure it's productive this way,
,anga'la,symbolize; represent,,,intransitive verb,,2,,,,,check broader productivity,
,anga'la,symbol,,,noun,,2,,,,,,
,g_ooda,be empty; be all gone,,,intransitive verb,,1,,,,,compare g_oot: be empty from H&R,
,lax_yip,land; territory,,,noun,,2,,,,,,
,gi'y,look for,,,transitive verb,,1,,,,,,
,sag_ootxw,idea; plan,,,noun,,2,,,,,,
,didilx_xw,be shiny,,,intransitive verb,,2,,,,,,
,ts'atxw,be shining (of sun); be sunny,,,intransitive verb,,1,,,,,,
,ax_'algax_,be unable to speak; be without speech,ax_'al'algax_,,intransitive verb,,2,3,,,,,
,anook_; nook_,like; enjoy,,,intransitive verb,,2; 1,,,,,,
,yeex_s,visit,,,transitive verb,,1,,,,,,
,bee'esxw,wait,,,intransitive verb,,1,,,,less formal variant of gibee'esxw,,
,ba,wait for,,,transitive verb,,1,,,,less formal variant of giba,,
,k'i'lixs,one (group of people),,,number,,1,,,,,,
,ak_,lack; not have,,,intransitive verb,,1,,,,,,
,g_ani,all the time; continually; still; always,,,modifier,,1,,,,,,
,gyootxw,move within (water),,,transitive verb,,1,,,,,,
,wilaakw(t),do something to,,,transitive verb,,2,,,,,,
,t'uu'w,feast,,,noun; intransitive verb,,1,,,,,,
,sag_ayt wan,meet; have a meeting,,,intransitive verb,,3,,,,inherently plural verb,,
,miyuxws,smell good,,,intransitive verb,,2,,,,,,
,g_as; g_aks,only then; finally; at last,,,clause modifier,,1,,,,,,dep marker (?)
,yantxw,?,hinyantxw,,?,,1,2,,,,,
,hinyantxw,be amused,,,psychological verb,,2,,,,,,
,hinyantxw g_oot,be amused,,,?,,"2,3",,,,,,
,x_sdaltxw,make noise; make a sound,lax_sdaltxw,,intransitive verb,,1,2,,,,,
,x_sdaltxw,noise; sound,,,noun,,1,,,,,check to see difference between N and VI? different plural or same? modification?,
,gaks,be peaceful; be calm; be silent,,,intransitive verb,,1,,,,,,
,x_shaneek_,snore,,,intransitive verb,,2,,,,,,
,anhahla'lst,work; workplace; job,,,noun,,3,,,,,,
,yaltxw,go; turn; return,,,intransitive verb,,1,,,,,"try this out on its own, not with luu",
,diyaltxw,return; give back,,,transitive verb,,2,,,,,,
,lax_'nisxw; nax_'nisxw; x_a'nisxw,listen; hear,,,intransitive verb,,2,,,,,,
,hlguxws,be unable to get somewhere,,,intransitive verb,,1,,,,,,
,hlguxws,be unable; can't,,,?,,1,,,,,check: transitive verb or auxiliary?,
,g_os,be unable; can't,,,auxiliary; transitive verb,,1,,,,,,
,ha'niiyo'oxsxw,sink,,,noun,,3,,,,,,
,an'ixw,fishing rod; tackle,,,noun,,2,,,,,,
,looyk,drift; float; move (in water),,,intransitive verb,,1,,,,,,
,esdiwaal,accident; mistake,,,noun,,3,,,,from the coast (Sm'algyax/Coast Tsimshian); can refer to events in the feast hall which require compensation from the offending party,,
,hlo'otxw,be seen; appear,,,transitive verb,,1,,,,,,
,ksi hlo'otxw,appear; come out,,,intransitive verb,,2,,,,,,
,luu hlo'otxw,transform into; appear as,,,transitive verb,,2,,,,,,
,mihlasxw,glass; jar,,,noun,,1,,,,,,
,anda'uut,oven,,,noun,,3,,,,,,
,hligwi,relative,,,noun,,2,,,,,,
,sook_,square,,,?,,1,,,,,,
,habahlx_anasxw,rolling pin,,,noun,,2,,,,,,
,twa'lixs,stir; mix,,,transitive verb,,1,,,,,,
,twa'lixsxw,be stirred; be mixed,,,intransitive verb,,1,,,,,,
,siipxum hlox_s,period; menstrual cycle,,,noun,,"1,3",,,,,,
,k'ila; gila,go by (?),,,preverb,,1,,,,,check other combinations than k'ila daa'whl k'uuhl,
,da'witxw,bring,dibakw,,transitive verb,,2,2,,,,,
,gwaa'y,over and over; continually; keep doing,,,clause modifier,,1,,,,,check to see if it can host 2pos clitics?,dep marker
,.'wii'u,like; enjoy,,,transitive verb,,2,,,,,,
,k'aa,most; extremely; very,,,modifier,,1,,,,,,
,g_aseexw,front; before,,,noun,,2,,,,,,
,ansahun,fishing grounds,,,noun,,3,,,,,,
,ansiilinasxw,hunting grounds,,,noun,,3,,,,,,
,ansimaa'y,berry-picking grounds,,,noun,,3,,,,,,
,t'imist,write; be written,,,intransitive verb,,2,,,,,,
,ansa'anaax,flour,,,noun,,4,,,,,,
,x_sbidixsxw,be lukewarm,,,intransitive verb,,1,,,,,,
,gwiseek_,show; demonstrate,gwiiseek_,,transitive verb,,2,2,,,,,
,.'man,slather; spread; rub with,,,transitive verb,,1,,,,,,
,t'ak'in,fold; roll,,,transitive verb,,1,,,,,,
,x_hlaa,away; alone,,,preverb,,1,,,,,,
,x_hlaa mak_(t),throw away; leave behind; leave alone,x_hlaa t'ahl(t),,transitive verb,,2,2,,,,,
,x_hlaa ky'ul,be alone; be on one's own,,,intransitive verb,,2,,,,,,
